split,test_id,exact_normalized_match,exact_train_ids,char5_max_jaccard,char5_train_id,word2_max_jaccard,word2_train_id,embedding_max_cosine,embedding_train_id,test_text,nearest_embedding_text
v3_standard,241,False,,0.18181818181818182,151,0.14285714285714285,151,0.7932385756091171,151,"외향적이고 활동적인 교수님으로, 늘 여유롭고 차분한 태도를 유지합니다. 새로운 경험을 즐기며 유연하게 일정을 관리합니다.",사교적이고 활동적인 성격으로 새로운 경험을 즐깁니다. 정서적으로 안정되어 느긋하고 유연하게 일정을 관리합니다.
v3_standard,242,False,,0.1956521739130435,118,0.15625,73,0.8195642117127644,186,"성실하고 계획적인 성격으로, 목표 지향적인 연구를 추구합니다. 독립적이고 자기주장이 강하며, 새로운 것과 익숙한 것 사이의 균형을 중시합니다.","내향적이고 조용하지만, 새로운 경험을 추구하며 창의적인 면모가 있습니다. 정서적으로 안정되어 꾸준히 계획을 세워 목표를 달성하는 성실한 연구자입니다."
v3_standard,243,False,,0.08080808080808081,48,0.043478260869565216,25,0.7667348733727992,10,"친절하고 협조적인 성품으로 타인을 배려하는 교수님입니다. 외향적이고 사교적이며, 유연한 태도로 익숙함과 새로움의 조화를 추구합니다.","내향적이지만 친절하고 협조적이며 타인을 배려합니다. 정서적으로 안정되어 있고 유연하게 일정을 관리하며, 익숙함과 새로움의 균형을 중시합니다."
v3_standard,244,False,,0.32142857142857145,184,0.3181818181818182,218,0.8314163190076986,64,"창의적이고 새로운 경험을 추구하는 교수님입니다. 감정 기복이 있고 스트레스에 민감하지만, 즉흥적이고 자유분방한 방식으로 일정을 소화합니다.","외향적이고 창의적이며 새로운 경험을 즐기는 교사입니다. 즉흥적이고 자유분방한 성향을 가졌지만, 감정 기복이 있어 스트레스에 민감합니다."
v3_standard,245,False,,0.20224719101123595,185,0.13636363636363635,67,0.8372765876756935,67,"안정적이고 차분한 성격의 교수님입니다. 전통을 중시하고 익숙한 방식을 선호하며, 성실하고 계획적으로 목표를 달성해 나갑니다.",내향적이지만 성실하고 계획적으로 목표를 달성하는 교사입니다. 정서적으로 안정되어 있으며 현실적이고 익숙한 방식을 선호합니다.
v3_standard,246,False,,0.12371134020618557,218,0.08333333333333333,7,0.7899254612290323,36,"혼자 시간을 선호하는 내향적인 교수님이지만, 창의적이고 새로운 지식 탐구를 즐깁니다. 성실하고 계획적으로 연구에 매진합니다.","내향적이고 혼자만의 시간을 선호하지만, 성실하고 꼼꼼하게 업무를 처리합니다. 정서적으로 안정되고 느긋한 편이며, 새로운 지식과 경험을 탐구하는 것을 즐깁니다."
v3_standard,247,False,,0.16883116883116883,110,0.15789473684210525,110,0.847793926713498,187,"내향적이고 조용한 성품을 지닌 교수님으로, 현실적이고 전통적인 방식을 선호합니다. 성실하고 계획적으로 연구에 임하며 안정감을 추구합니다.","조용하고 내향적이지만 성실하며 계획적으로 목표를 추구합니다. 정서적으로 안정되어 차분하며, 현실적이고 익숙한 방식을 선호하는 실용적인 연구자입니다."
v3_standard,248,False,,0.17708333333333334,218,0.16,64,0.8490367054782488,64,"내향적이지만 창의적이며 새로운 지식 탐구에 열정적인 교수님입니다. 감정 기복이 있어 스트레스에 민감하지만, 맡은 일은 성실히 해냅니다.","외향적이고 창의적이며 새로운 경험을 즐기는 교사입니다. 즉흥적이고 자유분방한 성향을 가졌지만, 감정 기복이 있어 스트레스에 민감합니다."
v3_standard,249,False,,0.2,139,0.17391304347826086,139,0.8367278891573272,69,"내향적이고 자기주장이 강한 교수님입니다. 감정 기복이 있고 스트레스에 취약하며, 즉흥적이고 자유분방한 방식으로 연구를 진행합니다.",내향적이고 독립적인 성향을 가진 교사입니다. 즉흥적이고 자유분방하지만 감정 기복이 있어 스트레스에 민감하게 반응합니다.
v3_standard,250,False,,0.2808988764044944,136,0.22727272727272727,136,0.768841229058733,10,"친절하고 협조적이지만 내향적인 교수님입니다. 정서적으로 안정되고 느긋하며, 유연하게 일정을 관리하면서도 지식 탐구를 게을리하지 않습니다.","내향적이지만 친절하고 협조적이며 타인을 배려합니다. 정서적으로 안정되어 있고 유연하게 일정을 관리하며, 익숙함과 새로움의 균형을 중시합니다."
v3_standard,251,False,,0.19767441860465115,86,0.18181818181818182,86,0.7409203486926182,65,"차분하고 친절하며 타인을 배려하는 교수입니다. 매우 성실하고 계획적이며, 새로운 지식과 경험을 추구하는 창의적인 성향을 가졌습니다.","외향적이고 활동적이며, 성실하고 계획적인 교사입니다. 정서적으로 안정되어 있고 현실적인 사고방식을 가지며 익숙한 방식을 선호합니다."
v3_standard,252,False,,0.18292682926829268,102,0.12,50,0.8380032643368338,67,"대체로 안정적이나 감정 기복이 있을 수 있는 교수입니다. 성실하고 계획적이며, 익숙한 방식과 전통을 선호하는 현실적인 경향이 있습니다.",내향적이지만 성실하고 계획적으로 목표를 달성하는 교사입니다. 정서적으로 안정되어 있으며 현실적이고 익숙한 방식을 선호합니다.
v3_standard,253,False,,0.19230769230769232,217,0.15384615384615385,210,0.810704525405991,67,"정서적으로 안정되고 차분하며, 독립적이고 자기주장이 강한 교수입니다. 성실하고 계획적으로 목표를 달성하며, 익숙함과 새로운 것 사이의 균형을 추구합니다.",내향적이지만 성실하고 계획적으로 목표를 달성하는 교사입니다. 정서적으로 안정되어 있으며 현실적이고 익숙한 방식을 선호합니다.
v3_standard,254,False,,0.1702127659574468,44,0.15384615384615385,139,0.8213425921069464,119,"감정 기복이 있고 스트레스에 민감하며 걱정이 많은 친절한 교수입니다. 새로운 경험과 지식을 추구하며, 일정을 유연하게 관리하는 편입니다.","친절하고 협조적이며 새로운 경험을 추구하는 개방적인 사람입니다. 감정 기복이 있고 스트레스에 민감하지만, 유연하게 일정을 관리합니다."
v3_standard,255,False,,0.2696629213483146,135,0.25925925925925924,135,0.8105535436076039,225,"대체로 안정적이지만 가끔 감정 기복이 있는 교수입니다. 보통의 성실성을 가지고 유연하게 일정을 관리하며, 익숙함과 새로운 것의 균형을 유지합니다.","보통의 성실성과 사교성을 지닌 균형 잡힌 트레이너입니다. 유연한 일정 관리를 선호하며, 대체로 안정적인 성격입니다."
v3_standard,256,False,,0.22093023255813954,121,0.125,35,0.8163203795666961,211,"외향적이고 사교적이며 활동적인 데이터 과학자입니다. 정서적으로 안정되고 차분하며, 새로운 경험과 지식을 탐구하는 데 열정적입니다.",외향적이고 사교적이며 활동적인 성격으로 사람들과 어울리기를 즐깁니다. 정서적으로 안정되어 느긋하고 새로운 경험을 추구하는 것을 좋아합니다.
v3_standard,257,False,,0.16666666666666666,185,0.1111111111111111,6,0.7985663856042124,186,"외향적이고 활동적이며 자기주장이 강한 데이터 과학자입니다. 성실하고 계획적으로 목표를 추구하며, 익숙함과 새로운 것 사이의 균형을 중요하게 생각합니다.","내향적이고 조용하지만, 새로운 경험을 추구하며 창의적인 면모가 있습니다. 정서적으로 안정되어 꾸준히 계획을 세워 목표를 달성하는 성실한 연구자입니다."
v3_standard,258,False,,0.1782178217821782,48,0.19230769230769232,153,0.8444804122448004,18,"외향적이고 사교적이며 활동적인 성향의 데이터 과학자입니다. 타인을 배려하고 협조적이며, 유연하게 일정을 관리하면서도 새로운 것과 익숙한 것의 균형을 지향합니다.","외향적이고 친절하며, 타인을 배려하는 사교적인 성격입니다. 활동적이며 유연하게 일정을 관리하며 사람들과 어울리기를 즐깁니다."
v3_standard,259,False,,0.3333333333333333,184,0.2916666666666667,89,0.8540831515431231,124,"외향적이고 활동적이며 새로운 경험을 추구하는 창의적인 데이터 과학자입니다. 감정 기복이 있고 스트레스에 민감하지만, 즉흥적이고 자유분방한 성격입니다.",외향적이고 창의적이지만 감정 기복이 있고 스트레스에 민감합니다. 즉흥적이고 자유분방한 성격으로 새로운 경험을 찾아 나서는 것을 좋아합니다.
v3_standard,260,False,,0.25555555555555554,50,0.125,50,0.8024257084013073,185,"외향적이고 활동적이며 정서적으로 안정된 데이터 과학자입니다. 성실하고 계획적이며 꼼꼼하게 업무를 처리하며, 익숙한 방식과 현실적인 접근을 선호합니다.","외향적이고 활동적이며 느긋하고 차분한 성격입니다. 성실하고 계획적으로 목표를 달성하며, 현실적이고 익숙한 방식을 선호하여 안정감을 추구합니다."
v3_standard,261,False,,0.189873417721519,11,0.18181818181818182,11,0.8643212630819814,111,"내향적이고 차분하며, 새로운 아이디어를 탐구하는 것을 즐깁니다. 목표 지향적이고 꼼꼼하게 업무를 처리합니다.","내향적이지만 창의적이며 새로운 경험을 추구합니다. 업무는 계획적이고 꼼꼼하게 처리하며, 정서적으로 안정적이고 차분한 성격입니다."
v3_standard,262,False,,0.09302325581395349,12,0.09523809523809523,238,0.7467133323605201,202,"차분하고 꼼꼼하며, 익숙한 방식 속에서 안정감을 느낍니다. 목표 달성을 중요하게 생각하며 꾸준히 노력합니다.","조용하고 차분하며, 자신의 일에 매우 성실하고 꼼꼼한 사람입니다. 익숙한 방식을 선호하며 안정감을 추구합니다."
v3_standard,263,False,,0.1411764705882353,128,0.09523809523809523,111,0.8249028135766229,4,내향적이지만 창의적이며 새로운 시도를 두려워하지 않습니다. 걱정이 많고 스트레스에 민감하여 섬세한 편입니다.,"외향적이고 활동적이며 새로운 경험을 좋아합니다. 즉흥적인 성격이지만, 스트레스에 민감하여 걱정이 많고 감정 기복이 있는 편입니다."
v3_standard,264,False,,0.24050632911392406,174,0.19230769230769232,54,0.8260353860739781,114,"독립적이고 자기 주장이 강한 편이며, 즉흥적이고 자유분방한 성격입니다. 감정 기복이 있지만 새로운 경험에도 열려 있습니다.","독립적이고 자기주장이 강하며 즉흥적인 면모를 지녔습니다. 감정 기복이 있지만, 혼자 시간을 보내는 것을 선호하며 새로운 것과 익숙한 것의 균형을 추구합니다."
v3_standard,265,False,,0.375,115,0.3333333333333333,115,0.8625336924654241,115,느긋하고 차분하며 타인을 배려하는 친절한 성격입니다. 유연하게 일정을 관리하며 새로운 경험에도 열린 마음을 가집니다.,"내향적이고 차분하며 타인을 배려하는 친절한 성격입니다. 유연하게 일정을 관리하며 안정감을 추구하고, 혼자 시간을 보내는 것을 즐깁니다."
v3_standard,266,False,,0.1348314606741573,11,0.12,11,0.7945528534188826,71,사교적이고 친절하며 새로운 아이디어를 탐구하는 것을 좋아합니다. 목표 지향적이고 꼼꼼하게 업무에 임하는 성실한 사람입니다.,"보통의 사교성을 지녔지만, 정서적으로 안정적이고 느긋합니다. 친절하며 타인을 배려하고, 목표 지향적으로 꼼꼼하게 일합니다. 새로운 경험과 창의적인 활동에 열려있습니다."
v3_standard,267,False,,0.16666666666666666,7,0.18181818181818182,161,0.8370469338704167,12,차분하고 성실하며 익숙하고 현실적인 방식을 선호합니다. 상황에 따라 유연하게 대처하며 목표 달성을 위해 꾸준히 노력합니다.,"성실하고 계획적인 성격으로 목표 달성을 중요하게 생각합니다. 새로운 것보다는 익숙한 방식을 선호하며, 상황에 따라 유연하게 대처합니다."
v3_standard,268,False,,0.1348314606741573,88,0.09523809523809523,227,0.8249090624384521,73,독립적이고 자기 주장이 강하지만 상황에 따라 사교성을 발휘합니다. 성실하고 목표 지향적이며 안정감을 추구합니다.,"보통의 사교성을 가졌지만, 정서적으로 안정적이고 느긋한 편입니다. 독립적이고 자기주장이 강하며, 목표를 향해 성실하고 꼼꼼하게 계획합니다. 익숙한 것과 새로운 것 사이의 균형을 중시합니다."
v3_standard,269,False,,0.26582278481012656,119,0.22727272727272727,119,0.8156344055884083,124,친절하고 협조적이며 새로운 아이디어를 탐구하는 것을 좋아합니다. 감정 기복이 있고 스트레스에 민감하여 섬세한 편입니다.,외향적이고 창의적이지만 감정 기복이 있고 스트레스에 민감합니다. 즉흥적이고 자유분방한 성격으로 새로운 경험을 찾아 나서는 것을 좋아합니다.
v3_standard,270,False,,0.14285714285714285,60,0.14814814814814814,60,0.7985244843422288,72,상황에 따라 사교성을 발휘하며 대체로 안정적이고 유연한 성격입니다. 목표를 향해 꾸준히 노력하며 균형 잡힌 삶을 추구합니다.,"보통의 사교성을 지녔으며, 대체로 안정적이지만 가끔 감정 기복이 있습니다. 성실하고 계획적으로 목표를 추구하며, 현실적이고 익숙한 방식을 선호합니다."
v3_standard,271,False,,0.09523809523809523,106,0.0625,106,0.7836421820487715,106,"활발하고 사교적인 HR 매니저입니다. 새로운 경험을 좋아하며, 유연하게 업무를 처리합니다.","외향적이고 사교적인 공무원입니다. 새로운 경험을 추구하며, 정서적으로 안정되고 느긋합니다."
v3_standard,272,False,,0.14492753623188406,107,0.16666666666666666,107,0.8018177976675768,212,"외향적이고 목표 지향적인 HR 매니저입니다. 경쟁심이 강하며, 계획적으로 업무를 추진합니다.",외향적이고 활동적이며 경쟁적인 성격으로 목표 지향적입니다. 계획을 세워 꼼꼼하게 일을 처리하며 사람들과 어울리는 것을 좋아합니다.
v3_standard,273,False,,0.14035087719298245,108,0.09523809523809523,160,0.7688910700012294,93,"친절하고 사교적인 HR 매니저입니다. 타인을 배려하며, 유연하게 상황에 맞춰 일합니다.","타인을 배려하는 친절한 기업 임원입니다. 외향적인 성격으로 사람들과 교류를 즐기며, 유연하게 일정을 관리하는 것을 선호합니다."
v3_standard,274,False,,0.16901408450704225,209,0.1111111111111111,109,0.7825070705069957,104,"활발하고 즉흥적인 HR 매니저입니다. 새로운 것을 시도하길 좋아하지만, 스트레스에 민감한 편입니다.","창의적이고 새로운 경험을 추구하는 기업 임원입니다. 친절하고 협조적이지만, 스트레스에 민감하고 걱정이 많은 편입니다."
v3_standard,275,False,,0.1643835616438356,142,0.14285714285714285,142,0.7834465223872086,97,"외향적이며 차분하고 성실한 HR 매니저입니다. 전통적인 방식을 선호하며, 계획대로 꼼꼼히 일합니다.","내향적이고 성실한 기업 임원입니다. 혼자 시간을 보내는 것을 선호하며, 전통적이고 익숙한 방식으로 꼼꼼하게 업무를 처리합니다."
v3_standard,276,False,,0.12,231,0.05263157894736842,231,0.7949758338926748,66,"내향적이지만 창의적인 HR 매니저입니다. 안정적이고 성실하며, 새로운 지식 탐구를 즐깁니다.",내향적이고 조용하지만 성실하고 계획적으로 일을 처리합니다. 정서적으로 안정적이며 새로운 지식을 탐구하고 창의적인 것을 추구합니다.
v3_standard,277,False,,0.09090909090909091,110,0.047619047619047616,223,0.767649737609915,97,"내향적이고 성실한 HR 매니저입니다. 안정적이고 차분하며, 전통적인 방식에 따라 꼼꼼히 일합니다.","내향적이고 성실한 기업 임원입니다. 혼자 시간을 보내는 것을 선호하며, 전통적이고 익숙한 방식으로 꼼꼼하게 업무를 처리합니다."
v3_standard,278,False,,0.23684210526315788,8,0.16666666666666666,109,0.7596769442073654,94,"내향적이지만 호기심 많은 HR 매니저입니다. 성실하게 일하지만, 감정 기복이 있고 스트레스에 취약합니다.","창의적이고 즉흥적인 기업 임원입니다. 새로운 경험을 추구하고 자유분방한 성격이지만, 감정 기복이 있어 스트레스에 민감한 편입니다."
v3_standard,279,False,,0.11538461538461539,204,0.09090909090909091,204,0.7956563743250932,99,"내향적이지만 독립적인 HR 매니저입니다. 감정 기복이 있으며, 계획보다 자유분방한 일 처리를 선호합니다.","독립적이고 즉흥적인 내향형 기업 임원입니다. 계획보다는 흐름을 따르는 자유분방한 성격이지만, 감정 기복이 있어 스트레스 관리가 필요합니다."
v3_standard,280,False,,0.16901408450704225,25,0.0625,108,0.8074712606465699,85,내향적이지만 친절하고 협조적인 HR 매니저입니다. 차분하며 유연하게 타인을 배려하며 일합니다.,"내향적이지만 타인을 배려하며 협조적인 영업사원입니다. 느긋하고 차분한 성격으로 유연하게 일정을 관리하며, 새로운 것과 익숙한 것의 균형을 추구합니다."
v3_standard,281,False,,0.10091743119266056,60,0.0967741935483871,60,0.7937290879367396,85,"상황에 따라 외향적이거나 내향적인 균형을 유지합니다. 타인을 배려하며 맡은 업무를 계획적으로 처리하고, 새로운 경험과 지식을 추구하는 성실한 HR 매니저입니다.","내향적이지만 타인을 배려하며 협조적인 영업사원입니다. 느긋하고 차분한 성격으로 유연하게 일정을 관리하며, 새로운 것과 익숙한 것의 균형을 추구합니다."
v3_standard,282,False,,0.14,7,0.10344827586206896,7,0.7711496381778776,42,"때때로 감정 기복이 있지만, 맡은 업무를 성실하고 계획적으로 처리하는 HR 매니저입니다. 익숙하고 현실적인 방식을 선호하며, 상황에 맞춰 협조적인 태도를 보입니다.","꼼꼼하고 계획적인 업무처리를 선호하는 회계사입니다. 현실적이고 익숙한 방식을 중시하며, 가끔 감정 기복이 있지만 대체로 안정적인 편입니다."
v3_standard,283,False,,0.2553191489361702,111,0.16,111,0.8195221655876959,118,"정서적으로 안정적이고 차분하지만, 독립적이며 자기주장이 강한 HR 매니저입니다. 업무는 계획적이고 꼼꼼하게 처리하며, 익숙함과 새로운 것 사이의 균형을 추구합니다.","독립적이고 자기주장이 강하지만 정서적으로 안정적입니다. 업무는 성실하고 계획적으로 처리하며, 새로운 것과 익숙한 것의 균형을 유지합니다."
v3_standard,284,False,,0.21782178217821782,134,0.20689655172413793,134,0.8211037445487093,119,"감정 기복이 있고 걱정이 많지만, 타인을 배려하고 협조적인 HR 매니저입니다. 유연하게 일정을 관리하며, 항상 새로운 경험과 창의적인 아이디어를 추구합니다.","친절하고 협조적이며 새로운 경험을 추구하는 개방적인 사람입니다. 감정 기복이 있고 스트레스에 민감하지만, 유연하게 일정을 관리합니다."
v3_standard,285,False,,0.11538461538461539,135,0.10344827586206896,15,0.7767591045664021,180,대체로 안정적이며 상황에 맞춰 유연하게 일정을 관리하는 HR 매니저입니다. 보통의 사교성과 친화성으로 익숙함과 새로움 사이에서 균형을 잡으려 합니다.,"대체로 안정적이며 유연하게 행동하는 건설감독입니다. 상황에 따라 사교적이고 협조적이며, 유연한 일정 관리와 적절한 균형을 중시합니다."
v3_standard,286,False,,0.25773195876288657,85,0.23076923076923078,85,0.8198322083871833,76,"외향적이고 사교적이며 활동적인 요리사입니다. 느긋하고 차분한 성격으로 유연하게 일정을 관리하며, 새로운 요리 경험과 창의적인 아이디어를 항상 추구합니다.","외향적이고 사교적이며 활동적입니다. 정서적으로 안정적이고 느긋하며, 유연하게 일정을 관리합니다. 새로운 경험과 창의적인 활동을 즐깁니다."
v3_standard,287,False,,0.12745098039215685,92,0.12121212121212122,73,0.7826739743798518,20,"외향적이고 활동적이지만, 독립적이고 자기주장이 강한 요리사입니다. 업무에 있어서는 성실하고 계획적이며, 익숙함과 새로운 것 사이의 균형을 중요하게 생각합니다.","외향적이고 활동적이며, 맡은 일은 성실하게 처리하는 계획적인 성격입니다. 새로운 것보다는 익숙한 방식과 전통을 중요하게 생각합니다."
v3_standard,288,False,,0.25555555555555554,63,0.16666666666666666,138,0.8394538382078547,138,"외향적이고 활동적이며 타인을 배려하는 친절한 요리사입니다. 대체로 안정적이지만 유연하게 일정을 관리하며, 익숙함과 새로움 사이에서 조화를 추구합니다.","외향적이고 친절하며 사교적인 작가입니다. 타인을 배려하고 유연하게 일정을 관리하며, 익숙함과 새로움 사이의 균형을 중시합니다."
v3_standard,289,False,,0.30851063829787234,34,0.2222222222222222,188,0.810379328092403,124,"외향적이고 활동적이지만, 감정 기복이 있고 스트레스에 민감한 요리사입니다. 즉흥적이고 자유분방한 방식으로 일하며, 항상 창의적인 요리와 새로운 경험을 추구합니다.",외향적이고 창의적이지만 감정 기복이 있고 스트레스에 민감합니다. 즉흥적이고 자유분방한 성격으로 새로운 경험을 찾아 나서는 것을 좋아합니다.
v3_standard,290,False,,0.24175824175824176,185,0.16666666666666666,185,0.7967970694512471,20,"외향적이고 활동적이며 느긋하고 차분한 요리사입니다. 맡은 일을 성실하고 계획적으로 처리하며, 현실적이고 전통적인 요리 방식을 선호합니다.","외향적이고 활동적이며, 맡은 일은 성실하게 처리하는 계획적인 성격입니다. 새로운 것보다는 익숙한 방식과 전통을 중요하게 생각합니다."
v3_standard,291,False,,0.08860759493670886,141,0.08695652173913043,141,0.747594523316844,156,"내향적이고 안정적인 성격으로, 혼자 시간을 즐깁니다. 목표 지향적이며 창의적인 요리사로 새로운 레시피 개발을 좋아합니다.","내향적이지만 성실하고 계획적인 창업가입니다. 창의적인 아이디어를 추구하며, 혼자만의 시간을 통해 재충전합니다."
v3_standard,292,False,,0.1411764705882353,127,0.08333333333333333,127,0.8217477304533186,217,"내향적이고 안정적인 성격으로, 혼자 시간을 선호합니다. 성실하고 계획적이며, 전통적인 방식의 요리를 고수하는 경향이 있습니다.",내향적이고 혼자만의 시간을 선호하지만 정서적으로 안정되어 있습니다. 성실하고 계획적으로 목표를 달성하며 익숙한 방식과 현실적인 것을 중요하게 생각합니다.
v3_standard,293,False,,0.2191780821917808,229,0.2222222222222222,229,0.7763386492337119,8,"내향적이지만 창의적인 요리사입니다. 감정 기복이 있어 스트레스에 민감하며, 성실하게 새로운 요리법을 탐구합니다.","내향적이지만 창의적이고 새로운 것을 탐구하는 데 열정적입니다. 성실하게 목표를 추구하지만, 감정 기복이 있고 스트레스에 취약한 편입니다."
v3_standard,294,False,,0.27058823529411763,24,0.20833333333333334,24,0.7999627028197127,24,"내향적이고 감정 기복이 있지만, 독립적이고 자기주장이 강합니다. 즉흥적인 방식으로 요리하며, 새로운 시도와 익숙함을 적절히 조합합니다.","내향적이고 감정 기복이 있는 편이지만, 독립적이고 자기주장이 강합니다. 즉흥적인 성격으로 계획보다는 흐름에 따라 움직이는 것을 선호합니다."
v3_standard,295,False,,0.43243243243243246,10,0.3157894736842105,10,0.9725842437324852,10,"내향적이지만 친절하고 협조적입니다. 정서적으로 안정적이며 유연하게 일정을 관리하며, 익숙함과 새로움의 균형을 추구합니다.","내향적이지만 친절하고 협조적이며 타인을 배려합니다. 정서적으로 안정되어 있고 유연하게 일정을 관리하며, 익숙함과 새로움의 균형을 중시합니다."
v3_standard,296,False,,0.11956521739130435,140,0.047619047619047616,235,0.6915722029855076,71,상황에 따라 사교적이며 정서적으로 안정된 요리사입니다. 성실하고 창의적으로 새로운 레시피를 개발하고 타인을 배려합니다.,"보통의 사교성을 지녔지만, 정서적으로 안정적이고 느긋합니다. 친절하며 타인을 배려하고, 목표 지향적으로 꼼꼼하게 일합니다. 새로운 경험과 창의적인 활동에 열려있습니다."
v3_standard,297,False,,0.30952380952380953,87,0.2608695652173913,87,0.7879751415674705,147,"상황에 따라 사교적이며 성실하고 계획적인 요리사입니다. 전통적인 방식을 중시하며, 대체로 안정적이지만 가끔 감정 기복이 있습니다.","성실하고 현실적인 작가. 전통을 중시하며 계획적으로 글을 씁니다. 대체로 안정적이지만 가끔 감정 기복이 있으며, 보통의 사교성을 지녔습니다."
v3_standard,298,False,,0.1702127659574468,43,0.125,43,0.8373906480874969,73,"독립적이고 자기주장이 강하며 상황에 따라 사교적입니다. 정서적으로 안정적이고 성실하며, 목표 지향적으로 익숙함과 새로움을 조화롭게 요리합니다.","보통의 사교성을 가졌지만, 정서적으로 안정적이고 느긋한 편입니다. 독립적이고 자기주장이 강하며, 목표를 향해 성실하고 꼼꼼하게 계획합니다. 익숙한 것과 새로운 것 사이의 균형을 중시합니다."
v3_standard,299,False,,0.12244897959183673,33,0.15384615384615385,33,0.757163233001166,138,친절하고 사교적이지만 감정 기복이 있습니다. 유연한 일정 속에서도 개방적이고 창의적으로 새로운 요리를 시도하며 타인을 배려합니다.,"외향적이고 친절하며 사교적인 작가입니다. 타인을 배려하고 유연하게 일정을 관리하며, 익숙함과 새로움 사이의 균형을 중시합니다."
v3_standard,300,False,,0.15294117647058825,225,0.1111111111111111,225,0.7851359253723863,75,"상황에 따라 사교적이며 대체로 안정적인 성격입니다. 유연한 일정 속에서 익숙함과 새로움의 균형을 찾아 요리하며, 가끔 감정 기복을 보입니다.","보통의 사교성을 지녔으며, 대체로 안정적이지만 가끔 감정 기복이 있습니다. 보통의 친화성과 유연한 성실성을 가지며, 익숙함과 새로움의 균형을 선호합니다."
v3_large,401,False,,0.4019607843137255,201,0.42105263157894735,201,0.9283105533951738,141,"24세 마케터. 보통의 사교성, 상황에 따라 외향/내향, 정서적으로 안정, 느긋하고 차분함, 보통의 친화성, 상황에 따라 협조적, 즉흥적, 유연하고 자유로운 편, 상상력 풍부, 새로운 것 선호, 지적 호기심.","24세 마케터. 내향적, 혼자 시간 선호, 말이 적음, 감정 기복 있음, 스트레스에 민감, 걱정 많음, 보통의 친화성, 상황에 따라 협조적, 성실, 계획적, 꼼꼼하고 목표 지향적, 상상력 풍부, 새로운 것 선호, 지적 호기심."
v3_large,402,False,,0.41346153846153844,202,0.42105263157894735,202,0.8863039633953252,222,"27세 SW연구원. 보통의 사교성, 상황에 따라 외향/내향, 정서적으로 안정, 느긋하고 차분함, 보통의 친화성, 상황에 따라 협조적, 즉흥적, 유연하고 자유로운 편, 상상력 풍부, 새로운 것 선호, 지적 호기심.","29세 SW연구원. 보통의 사교성, 상황에 따라 외향/내향, 대체로 안정적, 가끔 감정 기복, 보통의 친화성, 상황에 따라 협조적, 성실, 계획적, 꼼꼼하고 목표 지향적, 실용적, 전통 선호, 현실적."
v3_large,403,False,,0.4019607843137255,203,0.42105263157894735,203,0.9309702814823244,103,"51세 회계사. 보통의 사교성, 상황에 따라 외향/내향, 정서적으로 안정, 느긋하고 차분함, 보통의 친화성, 상황에 따라 협조적, 즉흥적, 유연하고 자유로운 편, 상상력 풍부, 새로운 것 선호, 지적 호기심.","51세 회계사. 내향적, 혼자 시간 선호, 말이 적음, 정서적으로 안정, 느긋하고 차분함, 보통의 친화성, 상황에 따라 협조적, 성실, 계획적, 꼼꼼하고 목표 지향적, 상상력 풍부, 새로운 것 선호, 지적 호기심."
v3_large,404,False,,0.4019607843137255,204,0.42105263157894735,204,0.928359546525804,204,"46세 간호사. 보통의 사교성, 상황에 따라 외향/내향, 정서적으로 안정, 느긋하고 차분함, 보통의 친화성, 상황에 따라 협조적, 즉흥적, 유연하고 자유로운 편, 상상력 풍부, 새로운 것 선호, 지적 호기심.","41세 간호사. 보통의 사교성, 상황에 따라 외향/내향, 정서적으로 안정, 느긋하고 차분함, 친절, 협조적, 타인 배려 우선, 성실, 계획적, 꼼꼼하고 목표 지향적, 상상력 풍부, 새로운 것 선호, 지적 호기심."
v3_large,405,False,,0.4077669902912621,205,0.42105263157894735,205,0.9323093100289326,245,"31세 초등교사. 보통의 사교성, 상황에 따라 외향/내향, 정서적으로 안정, 느긋하고 차분함, 보통의 친화성, 상황에 따라 협조적, 즉흥적, 유연하고 자유로운 편, 상상력 풍부, 새로운 것 선호, 지적 호기심.","43세 초등교사. 보통의 사교성, 상황에 따라 외향/내향, 정서적으로 안정, 느긋하고 차분함, 독립적, 경쟁적, 자기주장 강함, 성실, 계획적, 꼼꼼하고 목표 지향적, 보통의 개방성, 친숙한 것과 새것 균형."
v3_large,406,False,,0.4077669902912621,206,0.42105263157894735,206,0.9289462141752651,206,"40세 영업사원. 보통의 사교성, 상황에 따라 외향/내향, 정서적으로 안정, 느긋하고 차분함, 보통의 친화성, 상황에 따라 협조적, 즉흥적, 유연하고 자유로운 편, 상상력 풍부, 새로운 것 선호, 지적 호기심.","43세 영업사원. 보통의 사교성, 상황에 따라 외향/내향, 정서적으로 안정, 느긋하고 차분함, 친절, 협조적, 타인 배려 우선, 성실, 계획적, 꼼꼼하고 목표 지향적, 상상력 풍부, 새로운 것 선호, 지적 호기심."
v3_large,407,False,,0.4215686274509804,207,0.42105263157894735,207,0.9159678270865318,207,"39세 기업임원. 보통의 사교성, 상황에 따라 외향/내향, 정서적으로 안정, 느긋하고 차분함, 보통의 친화성, 상황에 따라 협조적, 즉흥적, 유연하고 자유로운 편, 상상력 풍부, 새로운 것 선호, 지적 호기심.","49세 기업임원. 보통의 사교성, 상황에 따라 외향/내향, 정서적으로 안정, 느긋하고 차분함, 친절, 협조적, 타인 배려 우선, 성실, 계획적, 꼼꼼하고 목표 지향적, 상상력 풍부, 새로운 것 선호, 지적 호기심."
v3_large,408,False,,0.4019607843137255,208,0.42105263157894735,208,0.9706964088167299,248,"25세 공무원. 보통의 사교성, 상황에 따라 외향/내향, 정서적으로 안정, 느긋하고 차분함, 보통의 친화성, 상황에 따라 협조적, 즉흥적, 유연하고 자유로운 편, 상상력 풍부, 새로운 것 선호, 지적 호기심.","25세 공무원. 보통의 사교성, 상황에 따라 외향/내향, 정서적으로 안정, 느긋하고 차분함, 독립적, 경쟁적, 자기주장 강함, 성실, 계획적, 꼼꼼하고 목표 지향적, 보통의 개방성, 친숙한 것과 새것 균형."
v3_large,409,False,,0.42452830188679247,209,0.42105263157894735,209,0.9375533359511345,209,"24세 그래픽디자이너. 보통의 사교성, 상황에 따라 외향/내향, 정서적으로 안정, 느긋하고 차분함, 보통의 친화성, 상황에 따라 협조적, 즉흥적, 유연하고 자유로운 편, 상상력 풍부, 새로운 것 선호, 지적 호기심.","42세 그래픽디자이너. 보통의 사교성, 상황에 따라 외향/내향, 정서적으로 안정, 느긋하고 차분함, 친절, 협조적, 타인 배려 우선, 성실, 계획적, 꼼꼼하고 목표 지향적, 상상력 풍부, 새로운 것 선호, 지적 호기심."
v3_large,410,False,,0.39603960396039606,210,0.42105263157894735,210,0.8926412910643771,10,"50세 작가. 보통의 사교성, 상황에 따라 외향/내향, 정서적으로 안정, 느긋하고 차분함, 보통의 친화성, 상황에 따라 협조적, 즉흥적, 유연하고 자유로운 편, 상상력 풍부, 새로운 것 선호, 지적 호기심.","65세 작가. 외향적, 사교적, 활동적, 정서적으로 안정, 느긋하고 차분함, 보통의 친화성, 상황에 따라 협조적, 보통의 성실성, 상황에 따라 계획/즉흥, 상상력 풍부, 새로운 것 선호, 지적 호기심."
v3_large,411,False,,0.4019607843137255,211,0.42105263157894735,211,0.9346450086590727,271,"45세 창업자. 보통의 사교성, 상황에 따라 외향/내향, 정서적으로 안정, 느긋하고 차분함, 보통의 친화성, 상황에 따라 협조적, 즉흥적, 유연하고 자유로운 편, 상상력 풍부, 새로운 것 선호, 지적 호기심.","45세 창업자. 보통의 사교성, 상황에 따라 외향/내향, 감정 기복 있음, 스트레스에 민감, 걱정 많음, 친절, 협조적, 타인 배려 우선, 보통의 성실성, 상황에 따라 계획/즉흥, 상상력 풍부, 새로운 것 선호, 지적 호기심."
v3_large,412,False,,0.4077669902912621,212,0.42105263157894735,212,0.9189055400749999,32,"47세 건설감독. 보통의 사교성, 상황에 따라 외향/내향, 정서적으로 안정, 느긋하고 차분함, 보통의 친화성, 상황에 따라 협조적, 즉흥적, 유연하고 자유로운 편, 상상력 풍부, 새로운 것 선호, 지적 호기심.","47세 건설감독. 외향적, 사교적, 활동적, 대체로 안정적, 가끔 감정 기복, 독립적, 경쟁적, 자기주장 강함, 성실, 계획적, 꼼꼼하고 목표 지향적, 보통의 개방성, 친숙한 것과 새것 균형."
v3_large,413,False,,0.4077669902912621,213,0.42105263157894735,213,0.9254197326244156,213,"25세 대학원생. 보통의 사교성, 상황에 따라 외향/내향, 정서적으로 안정, 느긋하고 차분함, 보통의 친화성, 상황에 따라 협조적, 즉흥적, 유연하고 자유로운 편, 상상력 풍부, 새로운 것 선호, 지적 호기심.","29세 대학원생. 보통의 사교성, 상황에 따라 외향/내향, 정서적으로 안정, 느긋하고 차분함, 친절, 협조적, 타인 배려 우선, 성실, 계획적, 꼼꼼하고 목표 지향적, 상상력 풍부, 새로운 것 선호, 지적 호기심."
v3_large,414,False,,0.4019607843137255,214,0.42105263157894735,214,0.9217625013186683,214,"39세 번역가. 보통의 사교성, 상황에 따라 외향/내향, 정서적으로 안정, 느긋하고 차분함, 보통의 친화성, 상황에 따라 협조적, 즉흥적, 유연하고 자유로운 편, 상상력 풍부, 새로운 것 선호, 지적 호기심.","43세 번역가. 보통의 사교성, 상황에 따라 외향/내향, 정서적으로 안정, 느긋하고 차분함, 친절, 협조적, 타인 배려 우선, 성실, 계획적, 꼼꼼하고 목표 지향적, 상상력 풍부, 새로운 것 선호, 지적 호기심."
v3_large,415,False,,0.41904761904761906,215,0.42105263157894735,215,0.9343102984382888,55,"35세 개인트레이너. 보통의 사교성, 상황에 따라 외향/내향, 정서적으로 안정, 느긋하고 차분함, 보통의 친화성, 상황에 따라 협조적, 즉흥적, 유연하고 자유로운 편, 상상력 풍부, 새로운 것 선호, 지적 호기심.","35세 개인트레이너. 외향적, 사교적, 활동적, 대체로 안정적, 가끔 감정 기복, 친절, 협조적, 타인 배려 우선, 보통의 성실성, 상황에 따라 계획/즉흥, 보통의 개방성, 친숙한 것과 새것 균형."
v3_large,416,False,,0.4215686274509804,216,0.42105263157894735,216,0.8802926866853558,56,"31세 운동선수. 보통의 사교성, 상황에 따라 외향/내향, 정서적으로 안정, 느긋하고 차분함, 보통의 친화성, 상황에 따라 협조적, 즉흥적, 유연하고 자유로운 편, 상상력 풍부, 새로운 것 선호, 지적 호기심.","32세 운동선수. 외향적, 사교적, 활동적, 대체로 안정적, 가끔 감정 기복, 친절, 협조적, 타인 배려 우선, 보통의 성실성, 상황에 따라 계획/즉흥, 보통의 개방성, 친숙한 것과 새것 균형."
v3_large,417,False,,0.4077669902912621,217,0.42105263157894735,217,0.922554830060246,257,"59세 대학교수. 보통의 사교성, 상황에 따라 외향/내향, 정서적으로 안정, 느긋하고 차분함, 보통의 친화성, 상황에 따라 협조적, 즉흥적, 유연하고 자유로운 편, 상상력 풍부, 새로운 것 선호, 지적 호기심.","57세 대학교수. 보통의 사교성, 상황에 따라 외향/내향, 정서적으로 안정, 느긋하고 차분함, 독립적, 경쟁적, 자기주장 강함, 성실, 계획적, 꼼꼼하고 목표 지향적, 보통의 개방성, 친숙한 것과 새것 균형."
v3_large,418,False,,0.41904761904761906,218,0.42105263157894735,218,0.8865714542940939,278,"24세 데이터과학자. 보통의 사교성, 상황에 따라 외향/내향, 정서적으로 안정, 느긋하고 차분함, 보통의 친화성, 상황에 따라 협조적, 즉흥적, 유연하고 자유로운 편, 상상력 풍부, 새로운 것 선호, 지적 호기심.","34세 데이터과학자. 보통의 사교성, 상황에 따라 외향/내향, 감정 기복 있음, 스트레스에 민감, 걱정 많음, 친절, 협조적, 타인 배려 우선, 보통의 성실성, 상황에 따라 계획/즉흥, 상상력 풍부, 새로운 것 선호, 지적 호기심."
v3_large,419,False,,0.41346153846153844,219,0.42105263157894735,219,0.919251610750574,259,"52세 HR매니저. 보통의 사교성, 상황에 따라 외향/내향, 정서적으로 안정, 느긋하고 차분함, 보통의 친화성, 상황에 따라 협조적, 즉흥적, 유연하고 자유로운 편, 상상력 풍부, 새로운 것 선호, 지적 호기심.","55세 HR매니저. 보통의 사교성, 상황에 따라 외향/내향, 정서적으로 안정, 느긋하고 차분함, 독립적, 경쟁적, 자기주장 강함, 성실, 계획적, 꼼꼼하고 목표 지향적, 보통의 개방성, 친숙한 것과 새것 균형."
v3_large,420,False,,0.4019607843137255,220,0.42105263157894735,220,0.9064077314350941,260,"48세 요리사. 보통의 사교성, 상황에 따라 외향/내향, 정서적으로 안정, 느긋하고 차분함, 보통의 친화성, 상황에 따라 협조적, 즉흥적, 유연하고 자유로운 편, 상상력 풍부, 새로운 것 선호, 지적 호기심.","24세 요리사. 보통의 사교성, 상황에 따라 외향/내향, 정서적으로 안정, 느긋하고 차분함, 독립적, 경쟁적, 자기주장 강함, 성실, 계획적, 꼼꼼하고 목표 지향적, 보통의 개방성, 친숙한 것과 새것 균형."
v3_large,421,False,,0.5376344086021505,181,0.5945945945945946,181,0.9446617396663258,161,"28세 마케터. 내향적, 혼자 시간 선호, 말이 적음, 감정 기복 있음, 스트레스에 민감, 걱정 많음, 친절, 협조적, 타인 배려 우선, 보통의 성실성, 상황에 따라 계획/즉흥, 보통의 개방성, 친숙한 것과 새것 균형.","28세 마케터. 내향적, 혼자 시간 선호, 말이 적음, 감정 기복 있음, 스트레스에 민감, 걱정 많음, 독립적, 경쟁적, 자기주장 강함, 즉흥적, 유연하고 자유로운 편, 보통의 개방성, 친숙한 것과 새것 균형."
v3_large,422,False,,0.5473684210526316,182,0.5945945945945946,182,0.9488851505920748,162,"28세 SW연구원. 내향적, 혼자 시간 선호, 말이 적음, 감정 기복 있음, 스트레스에 민감, 걱정 많음, 친절, 협조적, 타인 배려 우선, 보통의 성실성, 상황에 따라 계획/즉흥, 보통의 개방성, 친숙한 것과 새것 균형.","28세 SW연구원. 내향적, 혼자 시간 선호, 말이 적음, 감정 기복 있음, 스트레스에 민감, 걱정 많음, 독립적, 경쟁적, 자기주장 강함, 즉흥적, 유연하고 자유로운 편, 보통의 개방성, 친숙한 것과 새것 균형."
v3_large,423,False,,0.5376344086021505,183,0.5945945945945946,183,0.9103712721772345,43,"47세 회계사. 내향적, 혼자 시간 선호, 말이 적음, 감정 기복 있음, 스트레스에 민감, 걱정 많음, 친절, 협조적, 타인 배려 우선, 보통의 성실성, 상황에 따라 계획/즉흥, 보통의 개방성, 친숙한 것과 새것 균형.","47세 회계사. 외향적, 사교적, 활동적, 대체로 안정적, 가끔 감정 기복, 친절, 협조적, 타인 배려 우선, 보통의 성실성, 상황에 따라 계획/즉흥, 보통의 개방성, 친숙한 것과 새것 균형."
v3_large,424,False,,0.5376344086021505,184,0.5945945945945946,184,0.9124580192245125,144,"41세 간호사. 내향적, 혼자 시간 선호, 말이 적음, 감정 기복 있음, 스트레스에 민감, 걱정 많음, 친절, 협조적, 타인 배려 우선, 보통의 성실성, 상황에 따라 계획/즉흥, 보통의 개방성, 친숙한 것과 새것 균형.","43세 간호사. 내향적, 혼자 시간 선호, 말이 적음, 감정 기복 있음, 스트레스에 민감, 걱정 많음, 보통의 친화성, 상황에 따라 협조적, 성실, 계획적, 꼼꼼하고 목표 지향적, 상상력 풍부, 새로운 것 선호, 지적 호기심."
v3_large,425,False,,0.5425531914893617,185,0.5945945945945946,185,0.900047781703988,65,"55세 초등교사. 내향적, 혼자 시간 선호, 말이 적음, 감정 기복 있음, 스트레스에 민감, 걱정 많음, 친절, 협조적, 타인 배려 우선, 보통의 성실성, 상황에 따라 계획/즉흥, 보통의 개방성, 친숙한 것과 새것 균형.","55세 초등교사. 외향적, 사교적, 활동적, 감정 기복 있음, 스트레스에 민감, 걱정 많음, 보통의 친화성, 상황에 따라 협조적, 즉흥적, 유연하고 자유로운 편, 상상력 풍부, 새로운 것 선호, 지적 호기심."
v3_large,426,False,,0.5425531914893617,186,0.5945945945945946,186,0.9498414258692788,166,"37세 영업사원. 내향적, 혼자 시간 선호, 말이 적음, 감정 기복 있음, 스트레스에 민감, 걱정 많음, 친절, 협조적, 타인 배려 우선, 보통의 성실성, 상황에 따라 계획/즉흥, 보통의 개방성, 친숙한 것과 새것 균형.","37세 영업사원. 내향적, 혼자 시간 선호, 말이 적음, 감정 기복 있음, 스트레스에 민감, 걱정 많음, 독립적, 경쟁적, 자기주장 강함, 즉흥적, 유연하고 자유로운 편, 보통의 개방성, 친숙한 것과 새것 균형."
v3_large,427,False,,0.5425531914893617,187,0.5945945945945946,187,0.8735389114975496,367,"59세 기업임원. 내향적, 혼자 시간 선호, 말이 적음, 감정 기복 있음, 스트레스에 민감, 걱정 많음, 친절, 협조적, 타인 배려 우선, 보통의 성실성, 상황에 따라 계획/즉흥, 보통의 개방성, 친숙한 것과 새것 균형.","50세 기업임원. 내향적, 혼자 시간 선호, 말이 적음, 대체로 안정적, 가끔 감정 기복, 친절, 협조적, 타인 배려 우선, 즉흥적, 유연하고 자유로운 편, 상상력 풍부, 새로운 것 선호, 지적 호기심."
v3_large,428,False,,0.5376344086021505,188,0.5945945945945946,188,0.9531581649869971,108,"33세 공무원. 내향적, 혼자 시간 선호, 말이 적음, 감정 기복 있음, 스트레스에 민감, 걱정 많음, 친절, 협조적, 타인 배려 우선, 보통의 성실성, 상황에 따라 계획/즉흥, 보통의 개방성, 친숙한 것과 새것 균형.","33세 공무원. 내향적, 혼자 시간 선호, 말이 적음, 정서적으로 안정, 느긋하고 차분함, 보통의 친화성, 상황에 따라 협조적, 성실, 계획적, 꼼꼼하고 목표 지향적, 상상력 풍부, 새로운 것 선호, 지적 호기심."
v3_large,429,False,,0.5567010309278351,189,0.5945945945945946,189,0.8801575305597318,169,"39세 그래픽디자이너. 내향적, 혼자 시간 선호, 말이 적음, 감정 기복 있음, 스트레스에 민감, 걱정 많음, 친절, 협조적, 타인 배려 우선, 보통의 성실성, 상황에 따라 계획/즉흥, 보통의 개방성, 친숙한 것과 새것 균형.","31세 그래픽디자이너. 내향적, 혼자 시간 선호, 말이 적음, 감정 기복 있음, 스트레스에 민감, 걱정 많음, 독립적, 경쟁적, 자기주장 강함, 즉흥적, 유연하고 자유로운 편, 보통의 개방성, 친숙한 것과 새것 균형."
v3_large,430,False,,0.5494505494505495,190,0.5945945945945946,190,0.9696300449737545,150,"29세 작가. 내향적, 혼자 시간 선호, 말이 적음, 감정 기복 있음, 스트레스에 민감, 걱정 많음, 친절, 협조적, 타인 배려 우선, 보통의 성실성, 상황에 따라 계획/즉흥, 보통의 개방성, 친숙한 것과 새것 균형.","29세 작가. 내향적, 혼자 시간 선호, 말이 적음, 감정 기복 있음, 스트레스에 민감, 걱정 많음, 보통의 친화성, 상황에 따라 협조적, 성실, 계획적, 꼼꼼하고 목표 지향적, 상상력 풍부, 새로운 것 선호, 지적 호기심."
v3_large,431,False,,0.5376344086021505,191,0.5945945945945946,191,0.9232794719246671,71,"36세 창업자. 내향적, 혼자 시간 선호, 말이 적음, 감정 기복 있음, 스트레스에 민감, 걱정 많음, 친절, 협조적, 타인 배려 우선, 보통의 성실성, 상황에 따라 계획/즉흥, 보통의 개방성, 친숙한 것과 새것 균형.","36세 창업자. 외향적, 사교적, 활동적, 감정 기복 있음, 스트레스에 민감, 걱정 많음, 보통의 친화성, 상황에 따라 협조적, 즉흥적, 유연하고 자유로운 편, 상상력 풍부, 새로운 것 선호, 지적 호기심."
v3_large,432,False,,0.5425531914893617,192,0.5945945945945946,192,0.9069627474604129,172,"40세 건설감독. 내향적, 혼자 시간 선호, 말이 적음, 감정 기복 있음, 스트레스에 민감, 걱정 많음, 친절, 협조적, 타인 배려 우선, 보통의 성실성, 상황에 따라 계획/즉흥, 보통의 개방성, 친숙한 것과 새것 균형.","41세 건설감독. 내향적, 혼자 시간 선호, 말이 적음, 감정 기복 있음, 스트레스에 민감, 걱정 많음, 독립적, 경쟁적, 자기주장 강함, 즉흥적, 유연하고 자유로운 편, 보통의 개방성, 친숙한 것과 새것 균형."
v3_large,433,False,,0.5425531914893617,193,0.5945945945945946,193,0.9023506736305872,133,"31세 대학원생. 내향적, 혼자 시간 선호, 말이 적음, 감정 기복 있음, 스트레스에 민감, 걱정 많음, 친절, 협조적, 타인 배려 우선, 보통의 성실성, 상황에 따라 계획/즉흥, 보통의 개방성, 친숙한 것과 새것 균형.","31세 대학원생. 내향적, 혼자 시간 선호, 말이 적음, 정서적으로 안정, 느긋하고 차분함, 보통의 친화성, 상황에 따라 협조적, 성실, 계획적, 꼼꼼하고 목표 지향적, 실용적, 전통 선호, 현실적."
v3_large,434,False,,0.5376344086021505,194,0.5945945945945946,194,0.8967569227232755,354,"41세 번역가. 내향적, 혼자 시간 선호, 말이 적음, 감정 기복 있음, 스트레스에 민감, 걱정 많음, 친절, 협조적, 타인 배려 우선, 보통의 성실성, 상황에 따라 계획/즉흥, 보통의 개방성, 친숙한 것과 새것 균형.","41세 번역가. 보통의 사교성, 상황에 따라 외향/내향, 감정 기복 있음, 스트레스에 민감, 걱정 많음, 독립적, 경쟁적, 자기주장 강함, 성실, 계획적, 꼼꼼하고 목표 지향적, 보통의 개방성, 친숙한 것과 새것 균형."
v3_large,435,False,,0.5684210526315789,195,0.5945945945945946,195,0.9411329738231846,155,"39세 개인트레이너. 내향적, 혼자 시간 선호, 말이 적음, 감정 기복 있음, 스트레스에 민감, 걱정 많음, 친절, 협조적, 타인 배려 우선, 보통의 성실성, 상황에 따라 계획/즉흥, 보통의 개방성, 친숙한 것과 새것 균형.","23세 개인트레이너. 내향적, 혼자 시간 선호, 말이 적음, 감정 기복 있음, 스트레스에 민감, 걱정 많음, 보통의 친화성, 상황에 따라 협조적, 성실, 계획적, 꼼꼼하고 목표 지향적, 상상력 풍부, 새로운 것 선호, 지적 호기심."
v3_large,436,False,,0.5425531914893617,196,0.5945945945945946,196,0.874840253795226,156,"33세 운동선수. 내향적, 혼자 시간 선호, 말이 적음, 감정 기복 있음, 스트레스에 민감, 걱정 많음, 친절, 협조적, 타인 배려 우선, 보통의 성실성, 상황에 따라 계획/즉흥, 보통의 개방성, 친숙한 것과 새것 균형.","32세 운동선수. 내향적, 혼자 시간 선호, 말이 적음, 감정 기복 있음, 스트레스에 민감, 걱정 많음, 보통의 친화성, 상황에 따라 협조적, 성실, 계획적, 꼼꼼하고 목표 지향적, 상상력 풍부, 새로운 것 선호, 지적 호기심."
v3_large,437,False,,0.5425531914893617,197,0.5945945945945946,197,0.9040681752646411,197,"59세 대학교수. 내향적, 혼자 시간 선호, 말이 적음, 감정 기복 있음, 스트레스에 민감, 걱정 많음, 친절, 협조적, 타인 배려 우선, 보통의 성실성, 상황에 따라 계획/즉흥, 보통의 개방성, 친숙한 것과 새것 균형.","52세 대학교수. 내향적, 혼자 시간 선호, 말이 적음, 정서적으로 안정, 느긋하고 차분함, 친절, 협조적, 타인 배려 우선, 보통의 성실성, 상황에 따라 계획/즉흥, 보통의 개방성, 친숙한 것과 새것 균형."
v3_large,438,False,,0.5520833333333334,198,0.5945945945945946,198,0.8797821765730143,198,"44세 데이터과학자. 내향적, 혼자 시간 선호, 말이 적음, 감정 기복 있음, 스트레스에 민감, 걱정 많음, 친절, 협조적, 타인 배려 우선, 보통의 성실성, 상황에 따라 계획/즉흥, 보통의 개방성, 친숙한 것과 새것 균형.","33세 데이터과학자. 내향적, 혼자 시간 선호, 말이 적음, 정서적으로 안정, 느긋하고 차분함, 친절, 협조적, 타인 배려 우선, 보통의 성실성, 상황에 따라 계획/즉흥, 보통의 개방성, 친숙한 것과 새것 균형."
v3_large,439,False,,0.5473684210526316,199,0.5945945945945946,199,0.8819137075433995,279,"38세 HR매니저. 내향적, 혼자 시간 선호, 말이 적음, 감정 기복 있음, 스트레스에 민감, 걱정 많음, 친절, 협조적, 타인 배려 우선, 보통의 성실성, 상황에 따라 계획/즉흥, 보통의 개방성, 친숙한 것과 새것 균형.","37세 HR매니저. 보통의 사교성, 상황에 따라 외향/내향, 감정 기복 있음, 스트레스에 민감, 걱정 많음, 친절, 협조적, 타인 배려 우선, 보통의 성실성, 상황에 따라 계획/즉흥, 상상력 풍부, 새로운 것 선호, 지적 호기심."
v3_large,440,False,,0.5376344086021505,200,0.5945945945945946,200,0.8798158863531715,180,"48세 요리사. 내향적, 혼자 시간 선호, 말이 적음, 감정 기복 있음, 스트레스에 민감, 걱정 많음, 친절, 협조적, 타인 배려 우선, 보통의 성실성, 상황에 따라 계획/즉흥, 보통의 개방성, 친숙한 것과 새것 균형.","24세 요리사. 내향적, 혼자 시간 선호, 말이 적음, 감정 기복 있음, 스트레스에 민감, 걱정 많음, 독립적, 경쟁적, 자기주장 강함, 즉흥적, 유연하고 자유로운 편, 보통의 개방성, 친숙한 것과 새것 균형."
v3_large,441,False,,0.40404040404040403,110,0.425,141,0.9081376505613876,381,"37세 마케터. 외향적, 사교적, 활동적, 대체로 안정적, 가끔 감정 기복, 보통의 친화성, 상황에 따라 협조적, 성실, 계획적, 꼼꼼하고 목표 지향적, 상상력 풍부, 새로운 것 선호, 지적 호기심.","37세 마케터. 외향적, 사교적, 활동적, 감정 기복 있음, 스트레스에 민감, 걱정 많음, 독립적, 경쟁적, 자기주장 강함, 성실, 계획적, 꼼꼼하고 목표 지향적, 실용적, 전통 선호, 현실적."
v3_large,442,False,,0.4117647058823529,102,0.425,141,0.8929977103226819,62,"27세 SW연구원. 외향적, 사교적, 활동적, 대체로 안정적, 가끔 감정 기복, 보통의 친화성, 상황에 따라 협조적, 성실, 계획적, 꼼꼼하고 목표 지향적, 상상력 풍부, 새로운 것 선호, 지적 호기심.","37세 SW연구원. 외향적, 사교적, 활동적, 감정 기복 있음, 스트레스에 민감, 걱정 많음, 보통의 친화성, 상황에 따라 협조적, 즉흥적, 유연하고 자유로운 편, 상상력 풍부, 새로운 것 선호, 지적 호기심."
v3_large,443,False,,0.40404040404040403,110,0.425,141,0.8917261497843171,323,"46세 회계사. 외향적, 사교적, 활동적, 대체로 안정적, 가끔 감정 기복, 보통의 친화성, 상황에 따라 협조적, 성실, 계획적, 꼼꼼하고 목표 지향적, 상상력 풍부, 새로운 것 선호, 지적 호기심.","29세 회계사. 외향적, 사교적, 활동적, 정서적으로 안정, 느긋하고 차분함, 친절, 협조적, 타인 배려 우선, 성실, 계획적, 꼼꼼하고 목표 지향적, 상상력 풍부, 새로운 것 선호, 지적 호기심."
v3_large,444,False,,0.40404040404040403,110,0.425,141,0.8883189276321364,84,"30세 간호사. 외향적, 사교적, 활동적, 대체로 안정적, 가끔 감정 기복, 보통의 친화성, 상황에 따라 협조적, 성실, 계획적, 꼼꼼하고 목표 지향적, 상상력 풍부, 새로운 것 선호, 지적 호기심.","43세 간호사. 외향적, 사교적, 활동적, 정서적으로 안정, 느긋하고 차분함, 보통의 친화성, 상황에 따라 협조적, 성실, 계획적, 꼼꼼하고 목표 지향적, 실용적, 전통 선호, 현실적."
v3_large,445,False,,0.40594059405940597,105,0.425,141,0.9133716087344137,45,"37세 초등교사. 외향적, 사교적, 활동적, 대체로 안정적, 가끔 감정 기복, 보통의 친화성, 상황에 따라 협조적, 성실, 계획적, 꼼꼼하고 목표 지향적, 상상력 풍부, 새로운 것 선호, 지적 호기심.","36세 초등교사. 외향적, 사교적, 활동적, 대체로 안정적, 가끔 감정 기복, 친절, 협조적, 타인 배려 우선, 보통의 성실성, 상황에 따라 계획/즉흥, 보통의 개방성, 친숙한 것과 새것 균형."
v3_large,446,False,,0.43434343434343436,106,0.4594594594594595,106,0.952363439626585,106,"33세 영업사원. 외향적, 사교적, 활동적, 대체로 안정적, 가끔 감정 기복, 보통의 친화성, 상황에 따라 협조적, 성실, 계획적, 꼼꼼하고 목표 지향적, 상상력 풍부, 새로운 것 선호, 지적 호기심.","33세 영업사원. 내향적, 혼자 시간 선호, 말이 적음, 정서적으로 안정, 느긋하고 차분함, 보통의 친화성, 상황에 따라 협조적, 성실, 계획적, 꼼꼼하고 목표 지향적, 상상력 풍부, 새로운 것 선호, 지적 호기심."
v3_large,447,False,,0.40594059405940597,107,0.425,141,0.8864151535892201,207,"39세 기업임원. 외향적, 사교적, 활동적, 대체로 안정적, 가끔 감정 기복, 보통의 친화성, 상황에 따라 협조적, 성실, 계획적, 꼼꼼하고 목표 지향적, 상상력 풍부, 새로운 것 선호, 지적 호기심.","49세 기업임원. 보통의 사교성, 상황에 따라 외향/내향, 정서적으로 안정, 느긋하고 차분함, 친절, 협조적, 타인 배려 우선, 성실, 계획적, 꼼꼼하고 목표 지향적, 상상력 풍부, 새로운 것 선호, 지적 호기심."
v3_large,448,False,,0.40404040404040403,110,0.425,141,0.9070353539246538,288,"54세 공무원. 외향적, 사교적, 활동적, 대체로 안정적, 가끔 감정 기복, 보통의 친화성, 상황에 따라 협조적, 성실, 계획적, 꼼꼼하고 목표 지향적, 상상력 풍부, 새로운 것 선호, 지적 호기심.","45세 공무원. 보통의 사교성, 상황에 따라 외향/내향, 대체로 안정적, 가끔 감정 기복, 보통의 친화성, 상황에 따라 협조적, 보통의 성실성, 상황에 따라 계획/즉흥, 보통의 개방성, 친숙한 것과 새것 균형."
v3_large,449,False,,0.4230769230769231,109,0.425,141,0.8726253392853786,69,"26세 그래픽디자이너. 외향적, 사교적, 활동적, 대체로 안정적, 가끔 감정 기복, 보통의 친화성, 상황에 따라 협조적, 성실, 계획적, 꼼꼼하고 목표 지향적, 상상력 풍부, 새로운 것 선호, 지적 호기심.","22세 그래픽디자이너. 외향적, 사교적, 활동적, 감정 기복 있음, 스트레스에 민감, 걱정 많음, 보통의 친화성, 상황에 따라 협조적, 즉흥적, 유연하고 자유로운 편, 상상력 풍부, 새로운 것 선호, 지적 호기심."
v3_large,450,False,,0.40816326530612246,110,0.425,141,0.9055018390086607,330,"53세 작가. 외향적, 사교적, 활동적, 대체로 안정적, 가끔 감정 기복, 보통의 친화성, 상황에 따라 협조적, 성실, 계획적, 꼼꼼하고 목표 지향적, 상상력 풍부, 새로운 것 선호, 지적 호기심.","35세 작가. 외향적, 사교적, 활동적, 정서적으로 안정, 느긋하고 차분함, 친절, 협조적, 타인 배려 우선, 성실, 계획적, 꼼꼼하고 목표 지향적, 상상력 풍부, 새로운 것 선호, 지적 호기심."
v3_large,451,False,,0.40404040404040403,110,0.425,141,0.9035134013850862,211,"41세 창업자. 외향적, 사교적, 활동적, 대체로 안정적, 가끔 감정 기복, 보통의 친화성, 상황에 따라 협조적, 성실, 계획적, 꼼꼼하고 목표 지향적, 상상력 풍부, 새로운 것 선호, 지적 호기심.","34세 창업자. 보통의 사교성, 상황에 따라 외향/내향, 정서적으로 안정, 느긋하고 차분함, 친절, 협조적, 타인 배려 우선, 성실, 계획적, 꼼꼼하고 목표 지향적, 상상력 풍부, 새로운 것 선호, 지적 호기심."
v3_large,452,False,,0.40594059405940597,112,0.425,141,0.9421692315543305,292,"52세 건설감독. 외향적, 사교적, 활동적, 대체로 안정적, 가끔 감정 기복, 보통의 친화성, 상황에 따라 협조적, 성실, 계획적, 꼼꼼하고 목표 지향적, 상상력 풍부, 새로운 것 선호, 지적 호기심.","52세 건설감독. 보통의 사교성, 상황에 따라 외향/내향, 대체로 안정적, 가끔 감정 기복, 보통의 친화성, 상황에 따라 협조적, 보통의 성실성, 상황에 따라 계획/즉흥, 보통의 개방성, 친숙한 것과 새것 균형."
v3_large,453,False,,0.40594059405940597,113,0.425,141,0.9158911766152942,53,"30세 대학원생. 외향적, 사교적, 활동적, 대체로 안정적, 가끔 감정 기복, 보통의 친화성, 상황에 따라 협조적, 성실, 계획적, 꼼꼼하고 목표 지향적, 상상력 풍부, 새로운 것 선호, 지적 호기심.","31세 대학원생. 외향적, 사교적, 활동적, 대체로 안정적, 가끔 감정 기복, 친절, 협조적, 타인 배려 우선, 보통의 성실성, 상황에 따라 계획/즉흥, 보통의 개방성, 친숙한 것과 새것 균형."
v3_large,454,False,,0.40404040404040403,110,0.425,141,0.8939373842818122,54,"39세 번역가. 외향적, 사교적, 활동적, 대체로 안정적, 가끔 감정 기복, 보통의 친화성, 상황에 따라 협조적, 성실, 계획적, 꼼꼼하고 목표 지향적, 상상력 풍부, 새로운 것 선호, 지적 호기심.","49세 번역가. 외향적, 사교적, 활동적, 대체로 안정적, 가끔 감정 기복, 친절, 협조적, 타인 배려 우선, 보통의 성실성, 상황에 따라 계획/즉흥, 보통의 개방성, 친숙한 것과 새것 균형."
v3_large,455,False,,0.41904761904761906,155,0.425,141,0.8833788704070117,55,"33세 개인트레이너. 외향적, 사교적, 활동적, 대체로 안정적, 가끔 감정 기복, 보통의 친화성, 상황에 따라 협조적, 성실, 계획적, 꼼꼼하고 목표 지향적, 상상력 풍부, 새로운 것 선호, 지적 호기심.","35세 개인트레이너. 외향적, 사교적, 활동적, 대체로 안정적, 가끔 감정 기복, 친절, 협조적, 타인 배려 우선, 보통의 성실성, 상황에 따라 계획/즉흥, 보통의 개방성, 친숙한 것과 새것 균형."
v3_large,456,False,,0.4215686274509804,156,0.46153846153846156,156,0.9619980021113326,56,"32세 운동선수. 외향적, 사교적, 활동적, 대체로 안정적, 가끔 감정 기복, 보통의 친화성, 상황에 따라 협조적, 성실, 계획적, 꼼꼼하고 목표 지향적, 상상력 풍부, 새로운 것 선호, 지적 호기심.","32세 운동선수. 외향적, 사교적, 활동적, 대체로 안정적, 가끔 감정 기복, 친절, 협조적, 타인 배려 우선, 보통의 성실성, 상황에 따라 계획/즉흥, 보통의 개방성, 친숙한 것과 새것 균형."
v3_large,457,False,,0.4105263157894737,237,0.425,141,0.9306789593365772,37,"39세 대학교수. 외향적, 사교적, 활동적, 대체로 안정적, 가끔 감정 기복, 보통의 친화성, 상황에 따라 협조적, 성실, 계획적, 꼼꼼하고 목표 지향적, 상상력 풍부, 새로운 것 선호, 지적 호기심.","39세 대학교수. 외향적, 사교적, 활동적, 대체로 안정적, 가끔 감정 기복, 독립적, 경쟁적, 자기주장 강함, 성실, 계획적, 꼼꼼하고 목표 지향적, 보통의 개방성, 친숙한 것과 새것 균형."
v3_large,458,False,,0.4174757281553398,118,0.425,141,0.9464119284645646,18,"34세 데이터과학자. 외향적, 사교적, 활동적, 대체로 안정적, 가끔 감정 기복, 보통의 친화성, 상황에 따라 협조적, 성실, 계획적, 꼼꼼하고 목표 지향적, 상상력 풍부, 새로운 것 선호, 지적 호기심.","43세 데이터과학자. 외향적, 사교적, 활동적, 정서적으로 안정, 느긋하고 차분함, 보통의 친화성, 상황에 따라 협조적, 보통의 성실성, 상황에 따라 계획/즉흥, 상상력 풍부, 새로운 것 선호, 지적 호기심."
v3_large,459,False,,0.4117647058823529,119,0.425,141,0.9250921921321904,19,"31세 HR매니저. 외향적, 사교적, 활동적, 대체로 안정적, 가끔 감정 기복, 보통의 친화성, 상황에 따라 협조적, 성실, 계획적, 꼼꼼하고 목표 지향적, 상상력 풍부, 새로운 것 선호, 지적 호기심.","43세 HR매니저. 외향적, 사교적, 활동적, 정서적으로 안정, 느긋하고 차분함, 보통의 친화성, 상황에 따라 협조적, 보통의 성실성, 상황에 따라 계획/즉흥, 상상력 풍부, 새로운 것 선호, 지적 호기심."
v3_large,460,False,,0.40404040404040403,110,0.425,141,0.8635688704565602,100,"28세 요리사. 외향적, 사교적, 활동적, 대체로 안정적, 가끔 감정 기복, 보통의 친화성, 상황에 따라 협조적, 성실, 계획적, 꼼꼼하고 목표 지향적, 상상력 풍부, 새로운 것 선호, 지적 호기심.","38세 요리사. 외향적, 사교적, 활동적, 정서적으로 안정, 느긋하고 차분함, 보통의 친화성, 상황에 따라 협조적, 성실, 계획적, 꼼꼼하고 목표 지향적, 실용적, 전통 선호, 현실적."
v3_large,461,False,,0.3473684210526316,221,0.4,221,0.8781701352911698,141,"24세 마케터. 보통의 사교성, 상황에 따라 외향/내향, 대체로 안정적, 가끔 감정 기복, 독립적, 경쟁적, 자기주장 강함, 즉흥적, 유연하고 자유로운 편, 실용적, 전통 선호, 현실적.","24세 마케터. 내향적, 혼자 시간 선호, 말이 적음, 감정 기복 있음, 스트레스에 민감, 걱정 많음, 보통의 친화성, 상황에 따라 협조적, 성실, 계획적, 꼼꼼하고 목표 지향적, 상상력 풍부, 새로운 것 선호, 지적 호기심."
v3_large,462,False,,0.36082474226804123,222,0.4,222,0.8942087640403636,242,"37세 SW연구원. 보통의 사교성, 상황에 따라 외향/내향, 대체로 안정적, 가끔 감정 기복, 독립적, 경쟁적, 자기주장 강함, 즉흥적, 유연하고 자유로운 편, 실용적, 전통 선호, 현실적.","34세 SW연구원. 보통의 사교성, 상황에 따라 외향/내향, 정서적으로 안정, 느긋하고 차분함, 독립적, 경쟁적, 자기주장 강함, 성실, 계획적, 꼼꼼하고 목표 지향적, 보통의 개방성, 친숙한 것과 새것 균형."
v3_large,463,False,,0.3473684210526316,223,0.4,223,0.9395554321059132,263,"48세 회계사. 보통의 사교성, 상황에 따라 외향/내향, 대체로 안정적, 가끔 감정 기복, 독립적, 경쟁적, 자기주장 강함, 즉흥적, 유연하고 자유로운 편, 실용적, 전통 선호, 현실적.","48세 회계사. 보통의 사교성, 상황에 따라 외향/내향, 감정 기복 있음, 스트레스에 민감, 걱정 많음, 친절, 협조적, 타인 배려 우선, 보통의 성실성, 상황에 따라 계획/즉흥, 상상력 풍부, 새로운 것 선호, 지적 호기심."
v3_large,464,False,,0.3473684210526316,224,0.4,224,0.8607164641244986,304,"47세 간호사. 보통의 사교성, 상황에 따라 외향/내향, 대체로 안정적, 가끔 감정 기복, 독립적, 경쟁적, 자기주장 강함, 즉흥적, 유연하고 자유로운 편, 실용적, 전통 선호, 현실적.","37세 간호사. 내향적, 혼자 시간 선호, 말이 적음, 대체로 안정적, 가끔 감정 기복, 독립적, 경쟁적, 자기주장 강함, 성실, 계획적, 꼼꼼하고 목표 지향적, 실용적, 전통 선호, 현실적."
v3_large,465,False,,0.3541666666666667,225,0.4,225,0.8935480038598207,285,"55세 초등교사. 보통의 사교성, 상황에 따라 외향/내향, 대체로 안정적, 가끔 감정 기복, 독립적, 경쟁적, 자기주장 강함, 즉흥적, 유연하고 자유로운 편, 실용적, 전통 선호, 현실적.","52세 초등교사. 보통의 사교성, 상황에 따라 외향/내향, 대체로 안정적, 가끔 감정 기복, 보통의 친화성, 상황에 따라 협조적, 보통의 성실성, 상황에 따라 계획/즉흥, 보통의 개방성, 친숙한 것과 새것 균형."
v3_large,466,False,,0.3541666666666667,226,0.4,226,0.9155353676002513,206,"34세 영업사원. 보통의 사교성, 상황에 따라 외향/내향, 대체로 안정적, 가끔 감정 기복, 독립적, 경쟁적, 자기주장 강함, 즉흥적, 유연하고 자유로운 편, 실용적, 전통 선호, 현실적.","43세 영업사원. 보통의 사교성, 상황에 따라 외향/내향, 정서적으로 안정, 느긋하고 차분함, 친절, 협조적, 타인 배려 우선, 성실, 계획적, 꼼꼼하고 목표 지향적, 상상력 풍부, 새로운 것 선호, 지적 호기심."
v3_large,467,False,,0.3684210526315789,227,0.4,227,0.8888365496751482,307,"54세 기업임원. 보통의 사교성, 상황에 따라 외향/내향, 대체로 안정적, 가끔 감정 기복, 독립적, 경쟁적, 자기주장 강함, 즉흥적, 유연하고 자유로운 편, 실용적, 전통 선호, 현실적.","45세 기업임원. 내향적, 혼자 시간 선호, 말이 적음, 대체로 안정적, 가끔 감정 기복, 독립적, 경쟁적, 자기주장 강함, 성실, 계획적, 꼼꼼하고 목표 지향적, 실용적, 전통 선호, 현실적."
v3_large,468,False,,0.3473684210526316,228,0.4,228,0.8592390893550503,248,"26세 공무원. 보통의 사교성, 상황에 따라 외향/내향, 대체로 안정적, 가끔 감정 기복, 독립적, 경쟁적, 자기주장 강함, 즉흥적, 유연하고 자유로운 편, 실용적, 전통 선호, 현실적.","25세 공무원. 보통의 사교성, 상황에 따라 외향/내향, 정서적으로 안정, 느긋하고 차분함, 독립적, 경쟁적, 자기주장 강함, 성실, 계획적, 꼼꼼하고 목표 지향적, 보통의 개방성, 친숙한 것과 새것 균형."
v3_large,469,False,,0.37373737373737376,229,0.4,229,0.9221481028142567,249,"33세 그래픽디자이너. 보통의 사교성, 상황에 따라 외향/내향, 대체로 안정적, 가끔 감정 기복, 독립적, 경쟁적, 자기주장 강함, 즉흥적, 유연하고 자유로운 편, 실용적, 전통 선호, 현실적.","33세 그래픽디자이너. 보통의 사교성, 상황에 따라 외향/내향, 정서적으로 안정, 느긋하고 차분함, 독립적, 경쟁적, 자기주장 강함, 성실, 계획적, 꼼꼼하고 목표 지향적, 보통의 개방성, 친숙한 것과 새것 균형."
v3_large,470,False,,0.3404255319148936,230,0.4,230,0.8727643925861748,250,"32세 작가. 보통의 사교성, 상황에 따라 외향/내향, 대체로 안정적, 가끔 감정 기복, 독립적, 경쟁적, 자기주장 강함, 즉흥적, 유연하고 자유로운 편, 실용적, 전통 선호, 현실적.","31세 작가. 보통의 사교성, 상황에 따라 외향/내향, 정서적으로 안정, 느긋하고 차분함, 독립적, 경쟁적, 자기주장 강함, 성실, 계획적, 꼼꼼하고 목표 지향적, 보통의 개방성, 친숙한 것과 새것 균형."
v3_large,471,False,,0.3473684210526316,231,0.4,231,0.9374088364879776,351,"31세 창업자. 보통의 사교성, 상황에 따라 외향/내향, 대체로 안정적, 가끔 감정 기복, 독립적, 경쟁적, 자기주장 강함, 즉흥적, 유연하고 자유로운 편, 실용적, 전통 선호, 현실적.","31세 창업자. 보통의 사교성, 상황에 따라 외향/내향, 감정 기복 있음, 스트레스에 민감, 걱정 많음, 독립적, 경쟁적, 자기주장 강함, 성실, 계획적, 꼼꼼하고 목표 지향적, 보통의 개방성, 친숙한 것과 새것 균형."
v3_large,472,False,,0.3541666666666667,232,0.4,232,0.923490769364334,32,"47세 건설감독. 보통의 사교성, 상황에 따라 외향/내향, 대체로 안정적, 가끔 감정 기복, 독립적, 경쟁적, 자기주장 강함, 즉흥적, 유연하고 자유로운 편, 실용적, 전통 선호, 현실적.","47세 건설감독. 외향적, 사교적, 활동적, 대체로 안정적, 가끔 감정 기복, 독립적, 경쟁적, 자기주장 강함, 성실, 계획적, 꼼꼼하고 목표 지향적, 보통의 개방성, 친숙한 것과 새것 균형."
v3_large,473,False,,0.3541666666666667,233,0.4,233,0.9180741943092359,253,"30세 대학원생. 보통의 사교성, 상황에 따라 외향/내향, 대체로 안정적, 가끔 감정 기복, 독립적, 경쟁적, 자기주장 강함, 즉흥적, 유연하고 자유로운 편, 실용적, 전통 선호, 현실적.","23세 대학원생. 보통의 사교성, 상황에 따라 외향/내향, 정서적으로 안정, 느긋하고 차분함, 독립적, 경쟁적, 자기주장 강함, 성실, 계획적, 꼼꼼하고 목표 지향적, 보통의 개방성, 친숙한 것과 새것 균형."
v3_large,474,False,,0.3473684210526316,234,0.4,234,0.8794730764400834,234,"33세 번역가. 보통의 사교성, 상황에 따라 외향/내향, 대체로 안정적, 가끔 감정 기복, 독립적, 경쟁적, 자기주장 강함, 즉흥적, 유연하고 자유로운 편, 실용적, 전통 선호, 현실적.","37세 번역가. 보통의 사교성, 상황에 따라 외향/내향, 대체로 안정적, 가끔 감정 기복, 보통의 친화성, 상황에 따라 협조적, 성실, 계획적, 꼼꼼하고 목표 지향적, 실용적, 전통 선호, 현실적."
v3_large,475,False,,0.3673469387755102,235,0.4,235,0.9127320165945619,235,"45세 개인트레이너. 보통의 사교성, 상황에 따라 외향/내향, 대체로 안정적, 가끔 감정 기복, 독립적, 경쟁적, 자기주장 강함, 즉흥적, 유연하고 자유로운 편, 실용적, 전통 선호, 현실적.","42세 개인트레이너. 보통의 사교성, 상황에 따라 외향/내향, 대체로 안정적, 가끔 감정 기복, 보통의 친화성, 상황에 따라 협조적, 성실, 계획적, 꼼꼼하고 목표 지향적, 실용적, 전통 선호, 현실적."
v3_large,476,False,,0.3541666666666667,236,0.4,236,0.8560786549606522,236,"30세 운동선수. 보통의 사교성, 상황에 따라 외향/내향, 대체로 안정적, 가끔 감정 기복, 독립적, 경쟁적, 자기주장 강함, 즉흥적, 유연하고 자유로운 편, 실용적, 전통 선호, 현실적.","29세 운동선수. 보통의 사교성, 상황에 따라 외향/내향, 대체로 안정적, 가끔 감정 기복, 보통의 친화성, 상황에 따라 협조적, 성실, 계획적, 꼼꼼하고 목표 지향적, 실용적, 전통 선호, 현실적."
v3_large,477,False,,0.3541666666666667,237,0.4,237,0.9142313393618404,257,"50세 대학교수. 보통의 사교성, 상황에 따라 외향/내향, 대체로 안정적, 가끔 감정 기복, 독립적, 경쟁적, 자기주장 강함, 즉흥적, 유연하고 자유로운 편, 실용적, 전통 선호, 현실적.","57세 대학교수. 보통의 사교성, 상황에 따라 외향/내향, 정서적으로 안정, 느긋하고 차분함, 독립적, 경쟁적, 자기주장 강함, 성실, 계획적, 꼼꼼하고 목표 지향적, 보통의 개방성, 친숙한 것과 새것 균형."
v3_large,478,False,,0.3673469387755102,238,0.4,238,0.8931435532151657,178,"41세 데이터과학자. 보통의 사교성, 상황에 따라 외향/내향, 대체로 안정적, 가끔 감정 기복, 독립적, 경쟁적, 자기주장 강함, 즉흥적, 유연하고 자유로운 편, 실용적, 전통 선호, 현실적.","41세 데이터과학자. 내향적, 혼자 시간 선호, 말이 적음, 감정 기복 있음, 스트레스에 민감, 걱정 많음, 독립적, 경쟁적, 자기주장 강함, 즉흥적, 유연하고 자유로운 편, 보통의 개방성, 친숙한 것과 새것 균형."
v3_large,479,False,,0.36082474226804123,239,0.4,239,0.917726738542026,399,"47세 HR매니저. 보통의 사교성, 상황에 따라 외향/내향, 대체로 안정적, 가끔 감정 기복, 독립적, 경쟁적, 자기주장 강함, 즉흥적, 유연하고 자유로운 편, 실용적, 전통 선호, 현실적.","47세 HR매니저. 외향적, 사교적, 활동적, 감정 기복 있음, 스트레스에 민감, 걱정 많음, 독립적, 경쟁적, 자기주장 강함, 성실, 계획적, 꼼꼼하고 목표 지향적, 실용적, 전통 선호, 현실적."
v3_large,480,False,,0.3617021276595745,240,0.4,240,0.9183842846673955,240,"35세 요리사. 보통의 사교성, 상황에 따라 외향/내향, 대체로 안정적, 가끔 감정 기복, 독립적, 경쟁적, 자기주장 강함, 즉흥적, 유연하고 자유로운 편, 실용적, 전통 선호, 현실적.","25세 요리사. 보통의 사교성, 상황에 따라 외향/내향, 대체로 안정적, 가끔 감정 기복, 보통의 친화성, 상황에 따라 협조적, 성실, 계획적, 꼼꼼하고 목표 지향적, 실용적, 전통 선호, 현실적."
v3_large,481,False,,0.5274725274725275,161,0.5588235294117647,161,0.8977456573776446,161,"32세 마케터. 내향적, 혼자 시간 선호, 말이 적음, 정서적으로 안정, 느긋하고 차분함, 독립적, 경쟁적, 자기주장 강함, 즉흥적, 유연하고 자유로운 편, 보통의 개방성, 친숙한 것과 새것 균형.","28세 마케터. 내향적, 혼자 시간 선호, 말이 적음, 감정 기복 있음, 스트레스에 민감, 걱정 많음, 독립적, 경쟁적, 자기주장 강함, 즉흥적, 유연하고 자유로운 편, 보통의 개방성, 친숙한 것과 새것 균형."
v3_large,482,False,,0.5376344086021505,162,0.5588235294117647,162,0.8845769040471045,162,"27세 SW연구원. 내향적, 혼자 시간 선호, 말이 적음, 정서적으로 안정, 느긋하고 차분함, 독립적, 경쟁적, 자기주장 강함, 즉흥적, 유연하고 자유로운 편, 보통의 개방성, 친숙한 것과 새것 균형.","28세 SW연구원. 내향적, 혼자 시간 선호, 말이 적음, 감정 기복 있음, 스트레스에 민감, 걱정 많음, 독립적, 경쟁적, 자기주장 강함, 즉흥적, 유연하고 자유로운 편, 보통의 개방성, 친숙한 것과 새것 균형."
v3_large,483,False,,0.5274725274725275,163,0.5588235294117647,163,0.9213728780063408,163,"46세 회계사. 내향적, 혼자 시간 선호, 말이 적음, 정서적으로 안정, 느긋하고 차분함, 독립적, 경쟁적, 자기주장 강함, 즉흥적, 유연하고 자유로운 편, 보통의 개방성, 친숙한 것과 새것 균형.","41세 회계사. 내향적, 혼자 시간 선호, 말이 적음, 감정 기복 있음, 스트레스에 민감, 걱정 많음, 독립적, 경쟁적, 자기주장 강함, 즉흥적, 유연하고 자유로운 편, 보통의 개방성, 친숙한 것과 새것 균형."
v3_large,484,False,,0.5274725274725275,164,0.5588235294117647,164,0.9033857129490044,164,"45세 간호사. 내향적, 혼자 시간 선호, 말이 적음, 정서적으로 안정, 느긋하고 차분함, 독립적, 경쟁적, 자기주장 강함, 즉흥적, 유연하고 자유로운 편, 보통의 개방성, 친숙한 것과 새것 균형.","24세 간호사. 내향적, 혼자 시간 선호, 말이 적음, 감정 기복 있음, 스트레스에 민감, 걱정 많음, 독립적, 경쟁적, 자기주장 강함, 즉흥적, 유연하고 자유로운 편, 보통의 개방성, 친숙한 것과 새것 균형."
v3_large,485,False,,0.532608695652174,165,0.5588235294117647,165,0.9155612051503326,165,"28세 초등교사. 내향적, 혼자 시간 선호, 말이 적음, 정서적으로 안정, 느긋하고 차분함, 독립적, 경쟁적, 자기주장 강함, 즉흥적, 유연하고 자유로운 편, 보통의 개방성, 친숙한 것과 새것 균형.","40세 초등교사. 내향적, 혼자 시간 선호, 말이 적음, 감정 기복 있음, 스트레스에 민감, 걱정 많음, 독립적, 경쟁적, 자기주장 강함, 즉흥적, 유연하고 자유로운 편, 보통의 개방성, 친숙한 것과 새것 균형."
v3_large,486,False,,0.532608695652174,166,0.5588235294117647,166,0.8958386310077476,86,"44세 영업사원. 내향적, 혼자 시간 선호, 말이 적음, 정서적으로 안정, 느긋하고 차분함, 독립적, 경쟁적, 자기주장 강함, 즉흥적, 유연하고 자유로운 편, 보통의 개방성, 친숙한 것과 새것 균형.","44세 영업사원. 외향적, 사교적, 활동적, 정서적으로 안정, 느긋하고 차분함, 보통의 친화성, 상황에 따라 협조적, 성실, 계획적, 꼼꼼하고 목표 지향적, 실용적, 전통 선호, 현실적."
v3_large,487,False,,0.532608695652174,167,0.5588235294117647,167,0.9370367210631223,367,"50세 기업임원. 내향적, 혼자 시간 선호, 말이 적음, 정서적으로 안정, 느긋하고 차분함, 독립적, 경쟁적, 자기주장 강함, 즉흥적, 유연하고 자유로운 편, 보통의 개방성, 친숙한 것과 새것 균형.","50세 기업임원. 내향적, 혼자 시간 선호, 말이 적음, 대체로 안정적, 가끔 감정 기복, 친절, 협조적, 타인 배려 우선, 즉흥적, 유연하고 자유로운 편, 상상력 풍부, 새로운 것 선호, 지적 호기심."
v3_large,488,False,,0.5444444444444444,168,0.5588235294117647,168,0.8834096014844686,168,"47세 공무원. 내향적, 혼자 시간 선호, 말이 적음, 정서적으로 안정, 느긋하고 차분함, 독립적, 경쟁적, 자기주장 강함, 즉흥적, 유연하고 자유로운 편, 보통의 개방성, 친숙한 것과 새것 균형.","37세 공무원. 내향적, 혼자 시간 선호, 말이 적음, 감정 기복 있음, 스트레스에 민감, 걱정 많음, 독립적, 경쟁적, 자기주장 강함, 즉흥적, 유연하고 자유로운 편, 보통의 개방성, 친숙한 것과 새것 균형."
v3_large,489,False,,0.5473684210526316,169,0.5588235294117647,169,0.9160850485646752,189,"32세 그래픽디자이너. 내향적, 혼자 시간 선호, 말이 적음, 정서적으로 안정, 느긋하고 차분함, 독립적, 경쟁적, 자기주장 강함, 즉흥적, 유연하고 자유로운 편, 보통의 개방성, 친숙한 것과 새것 균형.","32세 그래픽디자이너. 내향적, 혼자 시간 선호, 말이 적음, 정서적으로 안정, 느긋하고 차분함, 친절, 협조적, 타인 배려 우선, 보통의 성실성, 상황에 따라 계획/즉흥, 보통의 개방성, 친숙한 것과 새것 균형."
v3_large,490,False,,0.5222222222222223,170,0.5588235294117647,170,0.8666535180695996,290,"48세 작가. 내향적, 혼자 시간 선호, 말이 적음, 정서적으로 안정, 느긋하고 차분함, 독립적, 경쟁적, 자기주장 강함, 즉흥적, 유연하고 자유로운 편, 보통의 개방성, 친숙한 것과 새것 균형.","48세 작가. 보통의 사교성, 상황에 따라 외향/내향, 대체로 안정적, 가끔 감정 기복, 보통의 친화성, 상황에 따라 협조적, 보통의 성실성, 상황에 따라 계획/즉흥, 보통의 개방성, 친숙한 것과 새것 균형."
v3_large,491,False,,0.5274725274725275,171,0.5588235294117647,171,0.9111405953344693,191,"41세 창업자. 내향적, 혼자 시간 선호, 말이 적음, 정서적으로 안정, 느긋하고 차분함, 독립적, 경쟁적, 자기주장 강함, 즉흥적, 유연하고 자유로운 편, 보통의 개방성, 친숙한 것과 새것 균형.","45세 창업자. 내향적, 혼자 시간 선호, 말이 적음, 정서적으로 안정, 느긋하고 차분함, 친절, 협조적, 타인 배려 우선, 보통의 성실성, 상황에 따라 계획/즉흥, 보통의 개방성, 친숙한 것과 새것 균형."
v3_large,492,False,,0.532608695652174,172,0.5588235294117647,172,0.9046640900126528,352,"39세 건설감독. 내향적, 혼자 시간 선호, 말이 적음, 정서적으로 안정, 느긋하고 차분함, 독립적, 경쟁적, 자기주장 강함, 즉흥적, 유연하고 자유로운 편, 보통의 개방성, 친숙한 것과 새것 균형.","39세 건설감독. 보통의 사교성, 상황에 따라 외향/내향, 감정 기복 있음, 스트레스에 민감, 걱정 많음, 독립적, 경쟁적, 자기주장 강함, 성실, 계획적, 꼼꼼하고 목표 지향적, 보통의 개방성, 친숙한 것과 새것 균형."
v3_large,493,False,,0.532608695652174,173,0.5588235294117647,173,0.9013317039048467,173,"29세 대학원생. 내향적, 혼자 시간 선호, 말이 적음, 정서적으로 안정, 느긋하고 차분함, 독립적, 경쟁적, 자기주장 강함, 즉흥적, 유연하고 자유로운 편, 보통의 개방성, 친숙한 것과 새것 균형.","26세 대학원생. 내향적, 혼자 시간 선호, 말이 적음, 감정 기복 있음, 스트레스에 민감, 걱정 많음, 독립적, 경쟁적, 자기주장 강함, 즉흥적, 유연하고 자유로운 편, 보통의 개방성, 친숙한 것과 새것 균형."
v3_large,494,False,,0.5274725274725275,174,0.5588235294117647,174,0.9424950791646998,194,"28세 번역가. 내향적, 혼자 시간 선호, 말이 적음, 정서적으로 안정, 느긋하고 차분함, 독립적, 경쟁적, 자기주장 강함, 즉흥적, 유연하고 자유로운 편, 보통의 개방성, 친숙한 것과 새것 균형.","28세 번역가. 내향적, 혼자 시간 선호, 말이 적음, 정서적으로 안정, 느긋하고 차분함, 친절, 협조적, 타인 배려 우선, 보통의 성실성, 상황에 따라 계획/즉흥, 보통의 개방성, 친숙한 것과 새것 균형."
v3_large,495,False,,0.5425531914893617,175,0.5588235294117647,175,0.9498279580208303,315,"41세 개인트레이너. 내향적, 혼자 시간 선호, 말이 적음, 정서적으로 안정, 느긋하고 차분함, 독립적, 경쟁적, 자기주장 강함, 즉흥적, 유연하고 자유로운 편, 보통의 개방성, 친숙한 것과 새것 균형.","41세 개인트레이너. 내향적, 혼자 시간 선호, 말이 적음, 대체로 안정적, 가끔 감정 기복, 독립적, 경쟁적, 자기주장 강함, 성실, 계획적, 꼼꼼하고 목표 지향적, 실용적, 전통 선호, 현실적."
v3_large,496,False,,0.532608695652174,176,0.5588235294117647,176,0.8962430050998178,176,"28세 운동선수. 내향적, 혼자 시간 선호, 말이 적음, 정서적으로 안정, 느긋하고 차분함, 독립적, 경쟁적, 자기주장 강함, 즉흥적, 유연하고 자유로운 편, 보통의 개방성, 친숙한 것과 새것 균형.","20세 운동선수. 내향적, 혼자 시간 선호, 말이 적음, 감정 기복 있음, 스트레스에 민감, 걱정 많음, 독립적, 경쟁적, 자기주장 강함, 즉흥적, 유연하고 자유로운 편, 보통의 개방성, 친숙한 것과 새것 균형."
v3_large,497,False,,0.532608695652174,177,0.5588235294117647,177,0.8996439774113196,177,"32세 대학교수. 내향적, 혼자 시간 선호, 말이 적음, 정서적으로 안정, 느긋하고 차분함, 독립적, 경쟁적, 자기주장 강함, 즉흥적, 유연하고 자유로운 편, 보통의 개방성, 친숙한 것과 새것 균형.","39세 대학교수. 내향적, 혼자 시간 선호, 말이 적음, 감정 기복 있음, 스트레스에 민감, 걱정 많음, 독립적, 경쟁적, 자기주장 강함, 즉흥적, 유연하고 자유로운 편, 보통의 개방성, 친숙한 것과 새것 균형."
v3_large,498,False,,0.5425531914893617,178,0.5588235294117647,178,0.8987875543162896,378,"24세 데이터과학자. 내향적, 혼자 시간 선호, 말이 적음, 정서적으로 안정, 느긋하고 차분함, 독립적, 경쟁적, 자기주장 강함, 즉흥적, 유연하고 자유로운 편, 보통의 개방성, 친숙한 것과 새것 균형.","42세 데이터과학자. 내향적, 혼자 시간 선호, 말이 적음, 대체로 안정적, 가끔 감정 기복, 친절, 협조적, 타인 배려 우선, 즉흥적, 유연하고 자유로운 편, 상상력 풍부, 새로운 것 선호, 지적 호기심."
v3_large,499,False,,0.5376344086021505,179,0.5588235294117647,179,0.9260424551491816,379,"34세 HR매니저. 내향적, 혼자 시간 선호, 말이 적음, 정서적으로 안정, 느긋하고 차분함, 독립적, 경쟁적, 자기주장 강함, 즉흥적, 유연하고 자유로운 편, 보통의 개방성, 친숙한 것과 새것 균형.","40세 HR매니저. 내향적, 혼자 시간 선호, 말이 적음, 대체로 안정적, 가끔 감정 기복, 친절, 협조적, 타인 배려 우선, 즉흥적, 유연하고 자유로운 편, 상상력 풍부, 새로운 것 선호, 지적 호기심."
v3_large,500,False,,0.5274725274725275,180,0.5588235294117647,180,0.8569048566863771,370,"49세 요리사. 내향적, 혼자 시간 선호, 말이 적음, 정서적으로 안정, 느긋하고 차분함, 독립적, 경쟁적, 자기주장 강함, 즉흥적, 유연하고 자유로운 편, 보통의 개방성, 친숙한 것과 새것 균형.","49세 작가. 내향적, 혼자 시간 선호, 말이 적음, 대체로 안정적, 가끔 감정 기복, 친절, 협조적, 타인 배려 우선, 즉흥적, 유연하고 자유로운 편, 상상력 풍부, 새로운 것 선호, 지적 호기심."
unseen_occupation_v3,241,False,,0.18181818181818182,151,0.14285714285714285,151,0.7932385756091171,151,"외향적이고 활동적인 교수님으로, 늘 여유롭고 차분한 태도를 유지합니다. 새로운 경험을 즐기며 유연하게 일정을 관리합니다.",사교적이고 활동적인 성격으로 새로운 경험을 즐깁니다. 정서적으로 안정되어 느긋하고 유연하게 일정을 관리합니다.
unseen_occupation_v3,242,False,,0.1956521739130435,118,0.15625,73,0.8195642117127644,186,"성실하고 계획적인 성격으로, 목표 지향적인 연구를 추구합니다. 독립적이고 자기주장이 강하며, 새로운 것과 익숙한 것 사이의 균형을 중시합니다.","내향적이고 조용하지만, 새로운 경험을 추구하며 창의적인 면모가 있습니다. 정서적으로 안정되어 꾸준히 계획을 세워 목표를 달성하는 성실한 연구자입니다."
unseen_occupation_v3,243,False,,0.08080808080808081,48,0.043478260869565216,25,0.7667348733727992,10,"친절하고 협조적인 성품으로 타인을 배려하는 교수님입니다. 외향적이고 사교적이며, 유연한 태도로 익숙함과 새로움의 조화를 추구합니다.","내향적이지만 친절하고 협조적이며 타인을 배려합니다. 정서적으로 안정되어 있고 유연하게 일정을 관리하며, 익숙함과 새로움의 균형을 중시합니다."
unseen_occupation_v3,244,False,,0.32142857142857145,184,0.3181818181818182,218,0.8314163190076986,64,"창의적이고 새로운 경험을 추구하는 교수님입니다. 감정 기복이 있고 스트레스에 민감하지만, 즉흥적이고 자유분방한 방식으로 일정을 소화합니다.","외향적이고 창의적이며 새로운 경험을 즐기는 교사입니다. 즉흥적이고 자유분방한 성향을 가졌지만, 감정 기복이 있어 스트레스에 민감합니다."
unseen_occupation_v3,245,False,,0.20224719101123595,185,0.13636363636363635,67,0.8372765876756935,67,"안정적이고 차분한 성격의 교수님입니다. 전통을 중시하고 익숙한 방식을 선호하며, 성실하고 계획적으로 목표를 달성해 나갑니다.",내향적이지만 성실하고 계획적으로 목표를 달성하는 교사입니다. 정서적으로 안정되어 있으며 현실적이고 익숙한 방식을 선호합니다.
unseen_occupation_v3,246,False,,0.12371134020618557,218,0.08333333333333333,7,0.7899254612290323,36,"혼자 시간을 선호하는 내향적인 교수님이지만, 창의적이고 새로운 지식 탐구를 즐깁니다. 성실하고 계획적으로 연구에 매진합니다.","내향적이고 혼자만의 시간을 선호하지만, 성실하고 꼼꼼하게 업무를 처리합니다. 정서적으로 안정되고 느긋한 편이며, 새로운 지식과 경험을 탐구하는 것을 즐깁니다."
unseen_occupation_v3,247,False,,0.16883116883116883,110,0.15789473684210525,110,0.847793926713498,187,"내향적이고 조용한 성품을 지닌 교수님으로, 현실적이고 전통적인 방식을 선호합니다. 성실하고 계획적으로 연구에 임하며 안정감을 추구합니다.","조용하고 내향적이지만 성실하며 계획적으로 목표를 추구합니다. 정서적으로 안정되어 차분하며, 현실적이고 익숙한 방식을 선호하는 실용적인 연구자입니다."
unseen_occupation_v3,248,False,,0.17708333333333334,218,0.16,64,0.8490367054782488,64,"내향적이지만 창의적이며 새로운 지식 탐구에 열정적인 교수님입니다. 감정 기복이 있어 스트레스에 민감하지만, 맡은 일은 성실히 해냅니다.","외향적이고 창의적이며 새로운 경험을 즐기는 교사입니다. 즉흥적이고 자유분방한 성향을 가졌지만, 감정 기복이 있어 스트레스에 민감합니다."
unseen_occupation_v3,249,False,,0.2,139,0.17391304347826086,139,0.8367278891573272,69,"내향적이고 자기주장이 강한 교수님입니다. 감정 기복이 있고 스트레스에 취약하며, 즉흥적이고 자유분방한 방식으로 연구를 진행합니다.",내향적이고 독립적인 성향을 가진 교사입니다. 즉흥적이고 자유분방하지만 감정 기복이 있어 스트레스에 민감하게 반응합니다.
unseen_occupation_v3,250,False,,0.2808988764044944,136,0.22727272727272727,136,0.768841229058733,10,"친절하고 협조적이지만 내향적인 교수님입니다. 정서적으로 안정되고 느긋하며, 유연하게 일정을 관리하면서도 지식 탐구를 게을리하지 않습니다.","내향적이지만 친절하고 협조적이며 타인을 배려합니다. 정서적으로 안정되어 있고 유연하게 일정을 관리하며, 익숙함과 새로움의 균형을 중시합니다."
unseen_occupation_v3,251,False,,0.19767441860465115,86,0.18181818181818182,86,0.7409203486926182,65,"차분하고 친절하며 타인을 배려하는 교수입니다. 매우 성실하고 계획적이며, 새로운 지식과 경험을 추구하는 창의적인 성향을 가졌습니다.","외향적이고 활동적이며, 성실하고 계획적인 교사입니다. 정서적으로 안정되어 있고 현실적인 사고방식을 가지며 익숙한 방식을 선호합니다."
unseen_occupation_v3,252,False,,0.18292682926829268,102,0.12,50,0.8380032643368338,67,"대체로 안정적이나 감정 기복이 있을 수 있는 교수입니다. 성실하고 계획적이며, 익숙한 방식과 전통을 선호하는 현실적인 경향이 있습니다.",내향적이지만 성실하고 계획적으로 목표를 달성하는 교사입니다. 정서적으로 안정되어 있으며 현실적이고 익숙한 방식을 선호합니다.
unseen_occupation_v3,253,False,,0.19230769230769232,217,0.15384615384615385,210,0.810704525405991,67,"정서적으로 안정되고 차분하며, 독립적이고 자기주장이 강한 교수입니다. 성실하고 계획적으로 목표를 달성하며, 익숙함과 새로운 것 사이의 균형을 추구합니다.",내향적이지만 성실하고 계획적으로 목표를 달성하는 교사입니다. 정서적으로 안정되어 있으며 현실적이고 익숙한 방식을 선호합니다.
unseen_occupation_v3,254,False,,0.1702127659574468,44,0.15384615384615385,139,0.8213425921069464,119,"감정 기복이 있고 스트레스에 민감하며 걱정이 많은 친절한 교수입니다. 새로운 경험과 지식을 추구하며, 일정을 유연하게 관리하는 편입니다.","친절하고 협조적이며 새로운 경험을 추구하는 개방적인 사람입니다. 감정 기복이 있고 스트레스에 민감하지만, 유연하게 일정을 관리합니다."
unseen_occupation_v3,255,False,,0.2696629213483146,135,0.25925925925925924,135,0.8105535436076039,225,"대체로 안정적이지만 가끔 감정 기복이 있는 교수입니다. 보통의 성실성을 가지고 유연하게 일정을 관리하며, 익숙함과 새로운 것의 균형을 유지합니다.","보통의 성실성과 사교성을 지닌 균형 잡힌 트레이너입니다. 유연한 일정 관리를 선호하며, 대체로 안정적인 성격입니다."
unseen_occupation_v3,256,False,,0.22093023255813954,121,0.125,35,0.8163203795666961,211,"외향적이고 사교적이며 활동적인 데이터 과학자입니다. 정서적으로 안정되고 차분하며, 새로운 경험과 지식을 탐구하는 데 열정적입니다.",외향적이고 사교적이며 활동적인 성격으로 사람들과 어울리기를 즐깁니다. 정서적으로 안정되어 느긋하고 새로운 경험을 추구하는 것을 좋아합니다.
unseen_occupation_v3,257,False,,0.16666666666666666,185,0.1111111111111111,6,0.7985663856042124,186,"외향적이고 활동적이며 자기주장이 강한 데이터 과학자입니다. 성실하고 계획적으로 목표를 추구하며, 익숙함과 새로운 것 사이의 균형을 중요하게 생각합니다.","내향적이고 조용하지만, 새로운 경험을 추구하며 창의적인 면모가 있습니다. 정서적으로 안정되어 꾸준히 계획을 세워 목표를 달성하는 성실한 연구자입니다."
unseen_occupation_v3,258,False,,0.1782178217821782,48,0.19230769230769232,153,0.8444804122448004,18,"외향적이고 사교적이며 활동적인 성향의 데이터 과학자입니다. 타인을 배려하고 협조적이며, 유연하게 일정을 관리하면서도 새로운 것과 익숙한 것의 균형을 지향합니다.","외향적이고 친절하며, 타인을 배려하는 사교적인 성격입니다. 활동적이며 유연하게 일정을 관리하며 사람들과 어울리기를 즐깁니다."
unseen_occupation_v3,259,False,,0.3333333333333333,184,0.2916666666666667,89,0.8540831515431231,124,"외향적이고 활동적이며 새로운 경험을 추구하는 창의적인 데이터 과학자입니다. 감정 기복이 있고 스트레스에 민감하지만, 즉흥적이고 자유분방한 성격입니다.",외향적이고 창의적이지만 감정 기복이 있고 스트레스에 민감합니다. 즉흥적이고 자유분방한 성격으로 새로운 경험을 찾아 나서는 것을 좋아합니다.
unseen_occupation_v3,260,False,,0.25555555555555554,50,0.125,50,0.8024257084013073,185,"외향적이고 활동적이며 정서적으로 안정된 데이터 과학자입니다. 성실하고 계획적이며 꼼꼼하게 업무를 처리하며, 익숙한 방식과 현실적인 접근을 선호합니다.","외향적이고 활동적이며 느긋하고 차분한 성격입니다. 성실하고 계획적으로 목표를 달성하며, 현실적이고 익숙한 방식을 선호하여 안정감을 추구합니다."
unseen_occupation_v3,261,False,,0.189873417721519,11,0.18181818181818182,11,0.8643212630819814,111,"내향적이고 차분하며, 새로운 아이디어를 탐구하는 것을 즐깁니다. 목표 지향적이고 꼼꼼하게 업무를 처리합니다.","내향적이지만 창의적이며 새로운 경험을 추구합니다. 업무는 계획적이고 꼼꼼하게 처리하며, 정서적으로 안정적이고 차분한 성격입니다."
unseen_occupation_v3,262,False,,0.09302325581395349,12,0.09523809523809523,238,0.7467133323605201,202,"차분하고 꼼꼼하며, 익숙한 방식 속에서 안정감을 느낍니다. 목표 달성을 중요하게 생각하며 꾸준히 노력합니다.","조용하고 차분하며, 자신의 일에 매우 성실하고 꼼꼼한 사람입니다. 익숙한 방식을 선호하며 안정감을 추구합니다."
unseen_occupation_v3,263,False,,0.1411764705882353,128,0.09523809523809523,111,0.8249028135766229,4,내향적이지만 창의적이며 새로운 시도를 두려워하지 않습니다. 걱정이 많고 스트레스에 민감하여 섬세한 편입니다.,"외향적이고 활동적이며 새로운 경험을 좋아합니다. 즉흥적인 성격이지만, 스트레스에 민감하여 걱정이 많고 감정 기복이 있는 편입니다."
unseen_occupation_v3,264,False,,0.24050632911392406,174,0.19230769230769232,54,0.8260353860739781,114,"독립적이고 자기 주장이 강한 편이며, 즉흥적이고 자유분방한 성격입니다. 감정 기복이 있지만 새로운 경험에도 열려 있습니다.","독립적이고 자기주장이 강하며 즉흥적인 면모를 지녔습니다. 감정 기복이 있지만, 혼자 시간을 보내는 것을 선호하며 새로운 것과 익숙한 것의 균형을 추구합니다."
unseen_occupation_v3,265,False,,0.375,115,0.3333333333333333,115,0.8625336924654241,115,느긋하고 차분하며 타인을 배려하는 친절한 성격입니다. 유연하게 일정을 관리하며 새로운 경험에도 열린 마음을 가집니다.,"내향적이고 차분하며 타인을 배려하는 친절한 성격입니다. 유연하게 일정을 관리하며 안정감을 추구하고, 혼자 시간을 보내는 것을 즐깁니다."
unseen_occupation_v3,266,False,,0.1348314606741573,11,0.12,11,0.7945528534188826,71,사교적이고 친절하며 새로운 아이디어를 탐구하는 것을 좋아합니다. 목표 지향적이고 꼼꼼하게 업무에 임하는 성실한 사람입니다.,"보통의 사교성을 지녔지만, 정서적으로 안정적이고 느긋합니다. 친절하며 타인을 배려하고, 목표 지향적으로 꼼꼼하게 일합니다. 새로운 경험과 창의적인 활동에 열려있습니다."
unseen_occupation_v3,267,False,,0.16666666666666666,7,0.18181818181818182,161,0.8370469338704167,12,차분하고 성실하며 익숙하고 현실적인 방식을 선호합니다. 상황에 따라 유연하게 대처하며 목표 달성을 위해 꾸준히 노력합니다.,"성실하고 계획적인 성격으로 목표 달성을 중요하게 생각합니다. 새로운 것보다는 익숙한 방식을 선호하며, 상황에 따라 유연하게 대처합니다."
unseen_occupation_v3,268,False,,0.1348314606741573,88,0.09523809523809523,227,0.8249090624384521,73,독립적이고 자기 주장이 강하지만 상황에 따라 사교성을 발휘합니다. 성실하고 목표 지향적이며 안정감을 추구합니다.,"보통의 사교성을 가졌지만, 정서적으로 안정적이고 느긋한 편입니다. 독립적이고 자기주장이 강하며, 목표를 향해 성실하고 꼼꼼하게 계획합니다. 익숙한 것과 새로운 것 사이의 균형을 중시합니다."
unseen_occupation_v3,269,False,,0.26582278481012656,119,0.22727272727272727,119,0.8156344055884083,124,친절하고 협조적이며 새로운 아이디어를 탐구하는 것을 좋아합니다. 감정 기복이 있고 스트레스에 민감하여 섬세한 편입니다.,외향적이고 창의적이지만 감정 기복이 있고 스트레스에 민감합니다. 즉흥적이고 자유분방한 성격으로 새로운 경험을 찾아 나서는 것을 좋아합니다.
unseen_occupation_v3,270,False,,0.14285714285714285,60,0.14814814814814814,60,0.7985244843422288,72,상황에 따라 사교성을 발휘하며 대체로 안정적이고 유연한 성격입니다. 목표를 향해 꾸준히 노력하며 균형 잡힌 삶을 추구합니다.,"보통의 사교성을 지녔으며, 대체로 안정적이지만 가끔 감정 기복이 있습니다. 성실하고 계획적으로 목표를 추구하며, 현실적이고 익숙한 방식을 선호합니다."
unseen_occupation_v3,271,False,,0.09523809523809523,106,0.0625,106,0.7836421820487715,106,"활발하고 사교적인 HR 매니저입니다. 새로운 경험을 좋아하며, 유연하게 업무를 처리합니다.","외향적이고 사교적인 공무원입니다. 새로운 경험을 추구하며, 정서적으로 안정되고 느긋합니다."
unseen_occupation_v3,272,False,,0.14492753623188406,107,0.16666666666666666,107,0.8018177976675768,212,"외향적이고 목표 지향적인 HR 매니저입니다. 경쟁심이 강하며, 계획적으로 업무를 추진합니다.",외향적이고 활동적이며 경쟁적인 성격으로 목표 지향적입니다. 계획을 세워 꼼꼼하게 일을 처리하며 사람들과 어울리는 것을 좋아합니다.
unseen_occupation_v3,273,False,,0.14035087719298245,108,0.09523809523809523,160,0.7688910700012294,93,"친절하고 사교적인 HR 매니저입니다. 타인을 배려하며, 유연하게 상황에 맞춰 일합니다.","타인을 배려하는 친절한 기업 임원입니다. 외향적인 성격으로 사람들과 교류를 즐기며, 유연하게 일정을 관리하는 것을 선호합니다."
unseen_occupation_v3,274,False,,0.16901408450704225,209,0.1111111111111111,109,0.7825070705069957,104,"활발하고 즉흥적인 HR 매니저입니다. 새로운 것을 시도하길 좋아하지만, 스트레스에 민감한 편입니다.","창의적이고 새로운 경험을 추구하는 기업 임원입니다. 친절하고 협조적이지만, 스트레스에 민감하고 걱정이 많은 편입니다."
unseen_occupation_v3,275,False,,0.1643835616438356,142,0.14285714285714285,142,0.7834465223872086,97,"외향적이며 차분하고 성실한 HR 매니저입니다. 전통적인 방식을 선호하며, 계획대로 꼼꼼히 일합니다.","내향적이고 성실한 기업 임원입니다. 혼자 시간을 보내는 것을 선호하며, 전통적이고 익숙한 방식으로 꼼꼼하게 업무를 처리합니다."
unseen_occupation_v3,276,False,,0.12,231,0.05263157894736842,231,0.7949758338926748,66,"내향적이지만 창의적인 HR 매니저입니다. 안정적이고 성실하며, 새로운 지식 탐구를 즐깁니다.",내향적이고 조용하지만 성실하고 계획적으로 일을 처리합니다. 정서적으로 안정적이며 새로운 지식을 탐구하고 창의적인 것을 추구합니다.
unseen_occupation_v3,277,False,,0.09090909090909091,110,0.047619047619047616,223,0.767649737609915,97,"내향적이고 성실한 HR 매니저입니다. 안정적이고 차분하며, 전통적인 방식에 따라 꼼꼼히 일합니다.","내향적이고 성실한 기업 임원입니다. 혼자 시간을 보내는 것을 선호하며, 전통적이고 익숙한 방식으로 꼼꼼하게 업무를 처리합니다."
unseen_occupation_v3,278,False,,0.23684210526315788,8,0.16666666666666666,109,0.7596769442073654,94,"내향적이지만 호기심 많은 HR 매니저입니다. 성실하게 일하지만, 감정 기복이 있고 스트레스에 취약합니다.","창의적이고 즉흥적인 기업 임원입니다. 새로운 경험을 추구하고 자유분방한 성격이지만, 감정 기복이 있어 스트레스에 민감한 편입니다."
unseen_occupation_v3,279,False,,0.11538461538461539,204,0.09090909090909091,204,0.7956563743250932,99,"내향적이지만 독립적인 HR 매니저입니다. 감정 기복이 있으며, 계획보다 자유분방한 일 처리를 선호합니다.","독립적이고 즉흥적인 내향형 기업 임원입니다. 계획보다는 흐름을 따르는 자유분방한 성격이지만, 감정 기복이 있어 스트레스 관리가 필요합니다."
unseen_occupation_v3,280,False,,0.16901408450704225,25,0.0625,108,0.8074712606465699,85,내향적이지만 친절하고 협조적인 HR 매니저입니다. 차분하며 유연하게 타인을 배려하며 일합니다.,"내향적이지만 타인을 배려하며 협조적인 영업사원입니다. 느긋하고 차분한 성격으로 유연하게 일정을 관리하며, 새로운 것과 익숙한 것의 균형을 추구합니다."
unseen_occupation_v3,281,False,,0.10091743119266056,60,0.0967741935483871,60,0.7937290879367396,85,"상황에 따라 외향적이거나 내향적인 균형을 유지합니다. 타인을 배려하며 맡은 업무를 계획적으로 처리하고, 새로운 경험과 지식을 추구하는 성실한 HR 매니저입니다.","내향적이지만 타인을 배려하며 협조적인 영업사원입니다. 느긋하고 차분한 성격으로 유연하게 일정을 관리하며, 새로운 것과 익숙한 것의 균형을 추구합니다."
unseen_occupation_v3,282,False,,0.14,7,0.10344827586206896,7,0.7711496381778776,42,"때때로 감정 기복이 있지만, 맡은 업무를 성실하고 계획적으로 처리하는 HR 매니저입니다. 익숙하고 현실적인 방식을 선호하며, 상황에 맞춰 협조적인 태도를 보입니다.","꼼꼼하고 계획적인 업무처리를 선호하는 회계사입니다. 현실적이고 익숙한 방식을 중시하며, 가끔 감정 기복이 있지만 대체로 안정적인 편입니다."
unseen_occupation_v3,283,False,,0.2553191489361702,111,0.16,111,0.8195221655876959,118,"정서적으로 안정적이고 차분하지만, 독립적이며 자기주장이 강한 HR 매니저입니다. 업무는 계획적이고 꼼꼼하게 처리하며, 익숙함과 새로운 것 사이의 균형을 추구합니다.","독립적이고 자기주장이 강하지만 정서적으로 안정적입니다. 업무는 성실하고 계획적으로 처리하며, 새로운 것과 익숙한 것의 균형을 유지합니다."
unseen_occupation_v3,284,False,,0.21782178217821782,134,0.20689655172413793,134,0.8211037445487093,119,"감정 기복이 있고 걱정이 많지만, 타인을 배려하고 협조적인 HR 매니저입니다. 유연하게 일정을 관리하며, 항상 새로운 경험과 창의적인 아이디어를 추구합니다.","친절하고 협조적이며 새로운 경험을 추구하는 개방적인 사람입니다. 감정 기복이 있고 스트레스에 민감하지만, 유연하게 일정을 관리합니다."
unseen_occupation_v3,285,False,,0.11538461538461539,135,0.10344827586206896,15,0.7767591045664021,180,대체로 안정적이며 상황에 맞춰 유연하게 일정을 관리하는 HR 매니저입니다. 보통의 사교성과 친화성으로 익숙함과 새로움 사이에서 균형을 잡으려 합니다.,"대체로 안정적이며 유연하게 행동하는 건설감독입니다. 상황에 따라 사교적이고 협조적이며, 유연한 일정 관리와 적절한 균형을 중시합니다."
unseen_occupation_v3,286,False,,0.25773195876288657,85,0.23076923076923078,85,0.8198322083871833,76,"외향적이고 사교적이며 활동적인 요리사입니다. 느긋하고 차분한 성격으로 유연하게 일정을 관리하며, 새로운 요리 경험과 창의적인 아이디어를 항상 추구합니다.","외향적이고 사교적이며 활동적입니다. 정서적으로 안정적이고 느긋하며, 유연하게 일정을 관리합니다. 새로운 경험과 창의적인 활동을 즐깁니다."
unseen_occupation_v3,287,False,,0.12745098039215685,92,0.12121212121212122,73,0.7826739743798518,20,"외향적이고 활동적이지만, 독립적이고 자기주장이 강한 요리사입니다. 업무에 있어서는 성실하고 계획적이며, 익숙함과 새로운 것 사이의 균형을 중요하게 생각합니다.","외향적이고 활동적이며, 맡은 일은 성실하게 처리하는 계획적인 성격입니다. 새로운 것보다는 익숙한 방식과 전통을 중요하게 생각합니다."
unseen_occupation_v3,288,False,,0.25555555555555554,63,0.16666666666666666,138,0.8394538382078547,138,"외향적이고 활동적이며 타인을 배려하는 친절한 요리사입니다. 대체로 안정적이지만 유연하게 일정을 관리하며, 익숙함과 새로움 사이에서 조화를 추구합니다.","외향적이고 친절하며 사교적인 작가입니다. 타인을 배려하고 유연하게 일정을 관리하며, 익숙함과 새로움 사이의 균형을 중시합니다."
unseen_occupation_v3,289,False,,0.30851063829787234,34,0.2222222222222222,188,0.810379328092403,124,"외향적이고 활동적이지만, 감정 기복이 있고 스트레스에 민감한 요리사입니다. 즉흥적이고 자유분방한 방식으로 일하며, 항상 창의적인 요리와 새로운 경험을 추구합니다.",외향적이고 창의적이지만 감정 기복이 있고 스트레스에 민감합니다. 즉흥적이고 자유분방한 성격으로 새로운 경험을 찾아 나서는 것을 좋아합니다.
unseen_occupation_v3,290,False,,0.24175824175824176,185,0.16666666666666666,185,0.7967970694512471,20,"외향적이고 활동적이며 느긋하고 차분한 요리사입니다. 맡은 일을 성실하고 계획적으로 처리하며, 현실적이고 전통적인 요리 방식을 선호합니다.","외향적이고 활동적이며, 맡은 일은 성실하게 처리하는 계획적인 성격입니다. 새로운 것보다는 익숙한 방식과 전통을 중요하게 생각합니다."
unseen_occupation_v3,291,False,,0.08860759493670886,141,0.08695652173913043,141,0.747594523316844,156,"내향적이고 안정적인 성격으로, 혼자 시간을 즐깁니다. 목표 지향적이며 창의적인 요리사로 새로운 레시피 개발을 좋아합니다.","내향적이지만 성실하고 계획적인 창업가입니다. 창의적인 아이디어를 추구하며, 혼자만의 시간을 통해 재충전합니다."
unseen_occupation_v3,292,False,,0.1411764705882353,127,0.08333333333333333,127,0.8217477304533186,217,"내향적이고 안정적인 성격으로, 혼자 시간을 선호합니다. 성실하고 계획적이며, 전통적인 방식의 요리를 고수하는 경향이 있습니다.",내향적이고 혼자만의 시간을 선호하지만 정서적으로 안정되어 있습니다. 성실하고 계획적으로 목표를 달성하며 익숙한 방식과 현실적인 것을 중요하게 생각합니다.
unseen_occupation_v3,293,False,,0.2191780821917808,229,0.2222222222222222,229,0.7763386492337119,8,"내향적이지만 창의적인 요리사입니다. 감정 기복이 있어 스트레스에 민감하며, 성실하게 새로운 요리법을 탐구합니다.","내향적이지만 창의적이고 새로운 것을 탐구하는 데 열정적입니다. 성실하게 목표를 추구하지만, 감정 기복이 있고 스트레스에 취약한 편입니다."
unseen_occupation_v3,294,False,,0.27058823529411763,24,0.20833333333333334,24,0.7999627028197127,24,"내향적이고 감정 기복이 있지만, 독립적이고 자기주장이 강합니다. 즉흥적인 방식으로 요리하며, 새로운 시도와 익숙함을 적절히 조합합니다.","내향적이고 감정 기복이 있는 편이지만, 독립적이고 자기주장이 강합니다. 즉흥적인 성격으로 계획보다는 흐름에 따라 움직이는 것을 선호합니다."
unseen_occupation_v3,295,False,,0.43243243243243246,10,0.3157894736842105,10,0.9725842437324852,10,"내향적이지만 친절하고 협조적입니다. 정서적으로 안정적이며 유연하게 일정을 관리하며, 익숙함과 새로움의 균형을 추구합니다.","내향적이지만 친절하고 협조적이며 타인을 배려합니다. 정서적으로 안정되어 있고 유연하게 일정을 관리하며, 익숙함과 새로움의 균형을 중시합니다."
unseen_occupation_v3,296,False,,0.11956521739130435,140,0.047619047619047616,235,0.6915722029855076,71,상황에 따라 사교적이며 정서적으로 안정된 요리사입니다. 성실하고 창의적으로 새로운 레시피를 개발하고 타인을 배려합니다.,"보통의 사교성을 지녔지만, 정서적으로 안정적이고 느긋합니다. 친절하며 타인을 배려하고, 목표 지향적으로 꼼꼼하게 일합니다. 새로운 경험과 창의적인 활동에 열려있습니다."
unseen_occupation_v3,297,False,,0.30952380952380953,87,0.2608695652173913,87,0.7879751415674705,147,"상황에 따라 사교적이며 성실하고 계획적인 요리사입니다. 전통적인 방식을 중시하며, 대체로 안정적이지만 가끔 감정 기복이 있습니다.","성실하고 현실적인 작가. 전통을 중시하며 계획적으로 글을 씁니다. 대체로 안정적이지만 가끔 감정 기복이 있으며, 보통의 사교성을 지녔습니다."
unseen_occupation_v3,298,False,,0.1702127659574468,43,0.125,43,0.8373906480874969,73,"독립적이고 자기주장이 강하며 상황에 따라 사교적입니다. 정서적으로 안정적이고 성실하며, 목표 지향적으로 익숙함과 새로움을 조화롭게 요리합니다.","보통의 사교성을 가졌지만, 정서적으로 안정적이고 느긋한 편입니다. 독립적이고 자기주장이 강하며, 목표를 향해 성실하고 꼼꼼하게 계획합니다. 익숙한 것과 새로운 것 사이의 균형을 중시합니다."
unseen_occupation_v3,299,False,,0.12244897959183673,33,0.15384615384615385,33,0.757163233001166,138,친절하고 사교적이지만 감정 기복이 있습니다. 유연한 일정 속에서도 개방적이고 창의적으로 새로운 요리를 시도하며 타인을 배려합니다.,"외향적이고 친절하며 사교적인 작가입니다. 타인을 배려하고 유연하게 일정을 관리하며, 익숙함과 새로움 사이의 균형을 중시합니다."
unseen_occupation_v3,300,False,,0.15294117647058825,225,0.1111111111111111,225,0.7851359253723863,75,"상황에 따라 사교적이며 대체로 안정적인 성격입니다. 유연한 일정 속에서 익숙함과 새로움의 균형을 찾아 요리하며, 가끔 감정 기복을 보입니다.","보통의 사교성을 지녔으며, 대체로 안정적이지만 가끔 감정 기복이 있습니다. 보통의 친화성과 유연한 성실성을 가지며, 익숙함과 새로움의 균형을 선호합니다."
unseen_archetype_v3,4,False,,0.10869565217391304,84,0.12,84,0.8624999958548545,113,"외향적이고 활동적이며 새로운 경험을 좋아합니다. 즉흥적인 성격이지만, 스트레스에 민감하여 걱정이 많고 감정 기복이 있는 편입니다.","내향적이고 감정 기복이 있으며 스트레스에 민감한 편입니다. 하지만 성실하고 꼼꼼하게 업무를 처리하며, 새로운 경험과 창의적인 활동을 선호합니다."
unseen_archetype_v3,5,False,,0.17582417582417584,67,0.13043478260869565,67,0.8264925650517333,216,"성실하고 계획적이며 목표 지향적인 사람입니다. 외향적이고 활동적이며 정서적으로 안정되어 있지만, 새로운 것보다는 익숙한 방식을 선호합니다.",내향적이고 조용하지만 창의적이고 새로운 경험을 추구합니다. 정서적으로 안정되어 있으며 성실하고 계획적으로 목표를 달성하는 데 집중합니다.
unseen_archetype_v3,14,False,,0.15294117647058825,265,0.13636363636363635,25,0.7479708980041414,8,"타인을 배려하는 친절한 성격이지만, 감정 기복이 있어 스트레스에 취약합니다. 새로운 아이디어를 추구하며 유연하게 일정을 관리합니다.","내향적이지만 창의적이고 새로운 것을 탐구하는 데 열정적입니다. 성실하게 목표를 추구하지만, 감정 기복이 있고 스트레스에 취약한 편입니다."
unseen_archetype_v3,19,False,,0.17582417582417584,99,0.15384615384615385,99,0.8520638071099425,113,"외향적이고 즉흥적이며 새로운 것을 시도하기를 좋아합니다. 활동적인 성격이지만, 감정 기복이 있어 스트레스 관리에 신경 쓰는 편입니다.","내향적이고 감정 기복이 있으며 스트레스에 민감한 편입니다. 하지만 성실하고 꼼꼼하게 업무를 처리하며, 새로운 경험과 창의적인 활동을 선호합니다."
unseen_archetype_v3,20,False,,0.20689655172413793,12,0.11538461538461539,12,0.8378304298674475,111,"외향적이고 활동적이며, 맡은 일은 성실하게 처리하는 계획적인 성격입니다. 새로운 것보다는 익숙한 방식과 전통을 중요하게 생각합니다.","내향적이지만 창의적이며 새로운 경험을 추구합니다. 업무는 계획적이고 꼼꼼하게 처리하며, 정서적으로 안정적이고 차분한 성격입니다."
unseen_archetype_v3,29,False,,0.26506024096385544,25,0.2,23,0.8630372752718685,26,"창의적이고 새로운 경험을 추구하는 SW 연구원입니다. 감정 기복이 있지만 친절하고 협조적이며, 유연하게 일정을 관리하는 보통의 사교성을 지녔습니다.","보통의 사교성을 가진 창의적인 SW 연구원입니다. 친절하고 협조적이며, 계획적이고 꼼꼼하게 목표를 달성하려 합니다."
unseen_archetype_v3,34,False,,0.1978021978021978,84,0.20833333333333334,84,0.8334362860938049,113,"사교적이고 활동적이지만 감정 기복이 있고 스트레스에 민감합니다. 즉흥적이고 자유분방하여 계획보다 흐름을 따르며, 새로운 경험을 즐겨 추구합니다.","내향적이고 감정 기복이 있으며 스트레스에 민감한 편입니다. 하지만 성실하고 꼼꼼하게 업무를 처리하며, 새로운 경험과 창의적인 활동을 선호합니다."
unseen_archetype_v3,35,False,,0.20212765957446807,67,0.13043478260869565,67,0.8559591649759449,217,"외향적이고 사교적이며 활동적인 인물입니다. 정서적으로 안정되고 느긋하며, 성실하고 계획적으로 목표를 추구합니다. 현실적이며 전통적인 방식을 선호합니다.",내향적이고 혼자만의 시간을 선호하지만 정서적으로 안정되어 있습니다. 성실하고 계획적으로 목표를 달성하며 익숙한 방식과 현실적인 것을 중요하게 생각합니다.
unseen_archetype_v3,44,False,,0.17,218,0.18518518518518517,218,0.7548264845429055,41,"친절하고 배려심이 깊은 회계사입니다. 새로운 경험을 추구하는 창의적인 면모가 있지만, 감정 기복이 있고 스트레스에 민감하여 걱정이 많은 편입니다.","꼼꼼하고 목표 지향적인 회계사입니다. 친절하고 배려심이 깊으며, 새로운 지식과 경험을 추구하는 것을 즐깁니다. 정서적으로 안정적이고 느긋한 성격입니다."
unseen_archetype_v3,49,False,,0.17894736842105263,69,0.16,249,0.866599754409627,46,"외향적이고 사교적이며 활동적인 간호사입니다. 즉흥적이고 자유분방한 성격이지만, 감정 기복이 있고 스트레스에 민감하여 걱정이 많습니다. 새로운 경험을 즐깁니다.","외향적이고 사교적인 활동적인 간호사입니다. 정서적으로 안정적이고 느긋하며, 새로운 지식과 경험을 추구하는 데 열려 있습니다."
unseen_archetype_v3,50,False,,0.15555555555555556,252,0.12,252,0.8895591997834684,48,"외향적이고 활동적인 간호사로, 정서적으로 안정적이고 차분합니다. 성실하고 계획적이며, 익숙한 방식과 현실적인 해결책을 선호합니다.","외향적이고 사교적이며 활동적인 간호사입니다. 친절하고 타인을 배려하며, 대체로 안정적이지만 유연하게 일정을 관리하는 것을 선호합니다."
unseen_archetype_v3,59,False,,0.1320754716981132,56,0.13793103448275862,56,0.8759617845830792,56,"친절하고 협조적인 간호사로, 상황에 따라 사람들과 어울립니다. 스트레스에 민감하지만 새로운 것을 탐구하는 것을 좋아하며, 유연하게 일정을 조율합니다.","친절하고 협조적인 성격의 간호사로, 상황에 따라 유연하게 사람들과 어울립니다. 차분하고 안정적이며, 새로운 지식을 탐구하며 목표를 향해 성실히 노력합니다."
unseen_archetype_v3,64,False,,0.275,69,0.18181818181818182,69,0.9216084893942023,69,"외향적이고 창의적이며 새로운 경험을 즐기는 교사입니다. 즉흥적이고 자유분방한 성향을 가졌지만, 감정 기복이 있어 스트레스에 민감합니다.",내향적이고 독립적인 성향을 가진 교사입니다. 즉흥적이고 자유분방하지만 감정 기복이 있어 스트레스에 민감하게 반응합니다.
unseen_archetype_v3,65,False,,0.25301204819277107,67,0.19047619047619047,67,0.9027014439086046,67,"외향적이고 활동적이며, 성실하고 계획적인 교사입니다. 정서적으로 안정되어 있고 현실적인 사고방식을 가지며 익숙한 방식을 선호합니다.",내향적이지만 성실하고 계획적으로 목표를 달성하는 교사입니다. 정서적으로 안정되어 있으며 현실적이고 익숙한 방식을 선호합니다.
unseen_archetype_v3,74,False,,0.1919191919191919,188,0.2222222222222222,188,0.8604389844616124,78,"보통의 사교성을 지녔으며, 감정 기복이 있고 스트레스에 민감한 편입니다. 친절하고 타인을 배려하며, 유연한 일정 관리와 새로운 경험을 추구합니다.","외향적이고 사교적이며 활동적인 성격입니다. 대체로 안정적이지만 가끔 감정 기복이 있으며, 친절하고 타인 배려를 우선합니다. 유연하게 일정을 관리합니다."
unseen_archetype_v3,79,False,,0.23157894736842105,76,0.16666666666666666,76,0.8947661845730542,121,"외향적이고 사교적이며 활동적입니다. 감정 기복이 크고 스트레스에 민감하며, 즉흥적이고 자유분방한 성격입니다. 새로운 경험과 창의적인 활동에 적극적입니다.","외향적이고 사교적이며 활동적인 성격입니다. 정서적으로 안정적이고 느긋하며, 새로운 경험을 추구하는 창의적인 면모를 가지고 있습니다."
unseen_archetype_v3,80,False,,0.30952380952380953,67,0.25,67,0.8627103629243397,77,"외향적이고 사교적이며 활동적입니다. 정서적으로 안정적이고 느긋하며, 성실하고 계획적으로 목표를 추구합니다. 현실적이고 익숙한 방식을 선호합니다.","외향적이고 사교적이며 활동적입니다. 대체로 안정적이지만 가끔 감정 기복이 있으며, 독립적이고 경쟁심이 강합니다. 성실하고 목표 지향적으로 일합니다."
unseen_archetype_v3,89,False,,0.2222222222222222,218,0.24,218,0.8743346801236322,86,"사교성이 보통이지만 친절하고 타인을 배려하는 영업사원입니다. 감정 기복이 있고 스트레스에 민감하지만, 새로운 경험을 추구하는 창의적인 면모가 있습니다.","사교성이 보통이지만 타인을 배려하며 협조적인 성격입니다. 성실하고 계획적이며, 새로운 경험을 추구하는 창의적인 영업사원입니다."
unseen_archetype_v3,94,False,,0.27710843373493976,99,0.20833333333333334,99,0.8568976311166014,98,"창의적이고 즉흥적인 기업 임원입니다. 새로운 경험을 추구하고 자유분방한 성격이지만, 감정 기복이 있어 스트레스에 민감한 편입니다.","내향적이지만 창의적이고 목표 지향적인 기업 임원입니다. 스트레스에 민감하고 감정 기복이 있지만, 새로운 아이디어를 탐구하며 꼼꼼하게 일합니다."
unseen_archetype_v3,95,False,,0.20512820512820512,91,0.17391304347826086,91,0.7989050942235805,102,성실하고 계획적인 기업 임원입니다. 느긋하고 차분한 성격으로 안정적인 일 처리와 현실적인 방식에 따라 목표를 달성합니다.,"성실하고 계획적인 기업 임원입니다. 익숙한 방식과 전통을 선호하며, 가끔 감정 기복이 있지만 대체로 안정적인 편입니다."
unseen_archetype_v3,104,False,,0.16483516483516483,218,0.125,218,0.8561843321711397,98,"창의적이고 새로운 경험을 추구하는 기업 임원입니다. 친절하고 협조적이지만, 스트레스에 민감하고 걱정이 많은 편입니다.","내향적이지만 창의적이고 목표 지향적인 기업 임원입니다. 스트레스에 민감하고 감정 기복이 있지만, 새로운 아이디어를 탐구하며 꼼꼼하게 일합니다."
unseen_archetype_v3,109,False,,0.23076923076923078,9,0.2777777777777778,68,0.8393099818041162,113,"외향적이고 창의적인 공무원입니다. 즉흥적이고 자유분방하며, 감정 기복이 있고 스트레스에 민감한 편입니다.","내향적이고 감정 기복이 있으며 스트레스에 민감한 편입니다. 하지만 성실하고 꼼꼼하게 업무를 처리하며, 새로운 경험과 창의적인 활동을 선호합니다."
unseen_archetype_v3,110,False,,0.16883116883116883,247,0.15789473684210525,247,0.8204118739208477,108,"외향적이고 성실한 공무원입니다. 느긋하고 차분하며, 현실적이고 전통적인 방식을 선호합니다.","외향적이고 친절한 공무원입니다. 타인을 배려하며 유연한 성격으로, 대체로 안정적입니다."
unseen_archetype_v3,119,False,,0.24175824175824176,218,0.2608695652173913,218,0.8213204257295443,183,"친절하고 협조적이며 새로운 경험을 추구하는 개방적인 사람입니다. 감정 기복이 있고 스트레스에 민감하지만, 유연하게 일정을 관리합니다.","친절하고 협조적이며 타인을 배려하는 외향적인 성격입니다. 활동적이며 유연한 일정 속에서 주변과 조화를 이루고, 때때로 찾아오는 감정 기복을 잘 관리합니다."
unseen_archetype_v3,124,False,,0.1702127659574468,173,0.16666666666666666,249,0.8624770086186254,113,외향적이고 창의적이지만 감정 기복이 있고 스트레스에 민감합니다. 즉흥적이고 자유분방한 성격으로 새로운 경험을 찾아 나서는 것을 좋아합니다.,"내향적이고 감정 기복이 있으며 스트레스에 민감한 편입니다. 하지만 성실하고 꼼꼼하게 업무를 처리하며, 새로운 경험과 창의적인 활동을 선호합니다."
unseen_archetype_v3,125,False,,0.14893617021276595,117,0.13043478260869565,117,0.8412919854585476,132,"외향적이고 활동적이며 성실한 디자이너입니다. 정서적으로 안정적이고 느긋하지만, 현실적이고 전통적인 방식을 선호하며 목표 달성에 집중합니다.","현실적이고 전통적인 방식을 선호하는 그래픽 디자이너입니다. 성실하고 계획적이며, 가끔 감정 기복이 있지만 대체로 안정적인 편입니다."
unseen_archetype_v3,134,False,,0.21649484536082475,135,0.17857142857142858,113,0.8582934592125295,135,"친절하고 타인을 배려하지만, 감정 기복이 있고 스트레스에 민감한 그래픽 디자이너입니다. 유연하게 일정을 관리하며 새로운 경험과 창의적인 활동을 추구합니다.","대체로 안정적이지만 가끔 감정 기복이 있는 그래픽 디자이너입니다. 유연하게 일정을 관리하며, 익숙한 것과 새로운 것 사이에서 균형을 추구합니다."
unseen_archetype_v3,139,False,,0.2,249,0.2,53,0.8795932381457295,136,"외향적이고 사교적이며, 즉흥적이고 자유분방한 작가입니다. 감정 기복이 있고 스트레스에 민감하지만, 새로운 경험과 창의적인 글쓰기를 즐깁니다.","외향적이고 사교적인 성격의 작가입니다. 정서적으로 안정되고 느긋하며, 유연하게 일정을 관리하면서도 새로운 경험과 창의적인 글쓰기를 추구합니다."
unseen_archetype_v3,140,False,,0.2619047619047619,67,0.19047619047619047,67,0.8749839518011018,136,"외향적이고 사교적이며, 정서적으로 안정되고 느긋한 작가입니다. 성실하고 계획적으로 글쓰기에 임하며, 현실적이고 익숙한 방식을 선호합니다.","외향적이고 사교적인 성격의 작가입니다. 정서적으로 안정되고 느긋하며, 유연하게 일정을 관리하면서도 새로운 경험과 창의적인 글쓰기를 추구합니다."
unseen_archetype_v3,149,False,,0.2111111111111111,143,0.16666666666666666,143,0.8805371205492835,143,"감성적이고 창의적인 작가. 스트레스에 민감하여 휴식이 필요합니다. 친절하고 협조적이며, 유연한 일정 속에서 새로운 아이디어를 탐구합니다.","감성적이고 창의적인 작가. 스트레스에 민감하여 혼자만의 휴식이 중요하며, 새로운 아이디어로 작품을 구상합니다. 성실하게 목표를 추구합니다."
unseen_archetype_v3,154,False,,0.10752688172043011,54,0.125,84,0.8296140309735557,218,창의적이고 즉흥적인 성격으로 새로운 경험을 탐험합니다. 감정 기복이 있지만 외향적이며 스트레스 관리에 주의를 기울입니다.,내향적이지만 창의적이고 새로운 경험을 추구하는 성격입니다. 감정 기복이 있고 스트레스에 민감하지만 성실하고 계획적으로 목표를 달성하려 노력합니다.
unseen_archetype_v3,155,False,,0.11494252873563218,127,0.08695652173913043,127,0.8326483876817596,157,"성실하고 계획적인 창업가로, 현실적인 방식으로 목표를 추구합니다. 외향적이며 안정적인 성격으로 사람들과의 교류를 즐깁니다.","내향적이고 차분하며 안정적인 창업가입니다. 성실하게 목표를 달성하며, 현실적이고 익숙한 방식에서 효율성을 추구합니다."
unseen_archetype_v3,164,False,,0.18604651162790697,173,0.18181818181818182,1,0.8031045762859983,188,"친절하고 창의적인 창업가이지만, 감정 기복이 있고 스트레스에 민감합니다. 유연하게 일정을 관리하며 새로운 경험을 즐깁니다.","조용하고 내향적이지만 창의적이고 새로운 경험을 추구합니다. 감정 기복이 있고 스트레스에 민감한 편이며, 계획적이고 성실하게 자신의 목표를 달성해나갑니다."
unseen_archetype_v3,169,False,,0.189873417721519,91,0.15,91,0.8402839527366627,166,"외향적이고 창의적인 건설감독입니다. 즉흥적이고 자유분방한 성격으로 새로운 경험을 추구하지만, 스트레스에 민감합니다.",외향적이고 사교적인 건설감독입니다. 안정적이고 느긋한 성격으로 새로운 경험과 창의적인 도전을 즐깁니다.
unseen_archetype_v3,170,False,,0.2,167,0.1,167,0.7945549131260705,176,"성실하고 현실적인 건설감독입니다. 외향적이고 활동적이며, 느긋하고 차분한 성격으로 익숙한 방식 속에서 목표를 이룹니다.","상황에 따라 유연하게 행동하는 사교적인 건설감독입니다. 안정적이고 친절하며, 성실함과 창의력을 바탕으로 목표를 달성하려 합니다."
unseen_archetype_v3,179,False,,0.25925925925925924,166,0.22727272727272727,166,0.8188676382617828,166,"친절하고 협조적이며 상황에 따라 사교적인 건설감독입니다. 감정 기복이 있고 스트레스에 민감하지만, 유연한 태도로 새로운 경험과 창의적인 도전을 즐깁니다.",외향적이고 사교적인 건설감독입니다. 안정적이고 느긋한 성격으로 새로운 경험과 창의적인 도전을 즐깁니다.
unseen_archetype_v3,184,False,,0.2777777777777778,218,0.3181818181818182,218,0.8403280874091594,218,"즉흥적이고 자유분방하며 새로운 경험을 추구하는 외향적인 성격입니다. 감정 기복이 있고 스트레스에 민감하지만, 창의적인 면모가 돋보입니다.",내향적이지만 창의적이고 새로운 경험을 추구하는 성격입니다. 감정 기복이 있고 스트레스에 민감하지만 성실하고 계획적으로 목표를 달성하려 노력합니다.
unseen_archetype_v3,185,False,,0.23863636363636365,67,0.18181818181818182,67,0.8801579531247115,37,"외향적이고 활동적이며 느긋하고 차분한 성격입니다. 성실하고 계획적으로 목표를 달성하며, 현실적이고 익숙한 방식을 선호하여 안정감을 추구합니다.","내향적이며 혼자만의 시간을 소중히 여깁니다. 정서적으로 안정되고 차분하며, 성실하고 계획적으로 목표를 달성합니다. 현실적이며 익숙한 방식에 편안함을 느낍니다."
unseen_archetype_v3,194,False,,0.16483516483516483,191,0.13043478260869565,191,0.7671906352877685,195,스트레스에 민감하지만 친절하고 협조적인 대학원생입니다. 새로운 아이디어를 탐구하며 유연하게 연구를 진행하고 타인을 배려합니다.,"균형 잡힌 성격의 대학원생으로, 평소에는 안정적이지만 가끔 감정 기복이 있습니다. 유연하게 연구를 진행하며 다양한 사람들과 교류합니다."
unseen_archetype_v3,199,False,,0.11688311688311688,106,0.1111111111111111,106,0.7691363696232519,143,"자유분방하고 창의적인 번역가입니다. 새로운 경험을 추구하며 즉흥적으로 작업을 진행하지만, 스트레스에 취약해 휴식이 중요합니다.","감성적이고 창의적인 작가. 스트레스에 민감하여 혼자만의 휴식이 중요하며, 새로운 아이디어로 작품을 구상합니다. 성실하게 목표를 추구합니다."
unseen_archetype_v3,200,False,,0.13414634146341464,232,0.13043478260869565,232,0.7987210181923454,198,"활발하고 성실한 번역가로, 안정적인 방식으로 꾸준히 작업을 진행합니다. 새로운 것보다 익숙한 것을 선호하며 사람들과도 잘 어울립니다.","친절하고 사교적인 번역가입니다. 사람들과 어울리는 것을 좋아하며, 유연한 방식으로 작업을 처리하면서도 타인에게 협조적입니다."
unseen_archetype_v3,209,False,,0.0967741935483871,113,0.08695652173913043,68,0.7706293933030115,265,"타인에게 친절하고 협조적이지만 스트레스에 민감한 편입니다. 새로운 경험에 열려 있으며, 유연하게 상황에 적응합니다.",느긋하고 차분하며 타인을 배려하는 친절한 성격입니다. 유연하게 일정을 관리하며 새로운 경험에도 열린 마음을 가집니다.
unseen_archetype_v3,214,False,,0.15151515151515152,16,0.13043478260869565,231,0.8569372739052667,121,외향적이고 활동적이며 새로운 경험을 추구하는 창의적인 인물입니다. 감정 기복이 있지만 자유분방하게 흐름을 따르며 사람들과 어울리기를 좋아합니다.,"외향적이고 사교적이며 활동적인 성격입니다. 정서적으로 안정적이고 느긋하며, 새로운 경험을 추구하는 창의적인 면모를 가지고 있습니다."
unseen_archetype_v3,215,False,,0.3010752688172043,211,0.25,6,0.8772577114380552,17,외향적이고 사교적이며 활동적인 성격으로 사람들과 교류를 즐깁니다. 정서적으로 안정되어 있으며 성실하고 계획적으로 목표를 달성하는 것을 중요하게 생각합니다.,"외향적이고 활동적이며, 목표 지향적인 성실함을 가졌습니다. 독립적이고 자기주장이 강하지만, 사람들과 교류하는 것도 좋아합니다."
unseen_archetype_v3,224,False,,0.11235955056179775,84,0.16666666666666666,84,0.769538891935178,221,"친절하고 협조적이나 감정 기복이 있는 트레이너입니다. 스트레스에 민감하여 여가 시간을 필요로 하며, 새로운 경험을 즐깁니다.",사교적이고 친절하며 목표 지향적인 트레이너입니다. 늘 새로운 경험을 추구하며 안정적인 성격으로 여유를 즐깁니다.
unseen_archetype_v3,229,False,,0.2191780821917808,293,0.2222222222222222,293,0.8634602756364147,233,"외향적이고 즉흥적인 운동선수입니다. 감정 기복이 있어 스트레스에 민감하며, 자유분방하게 새로운 경험을 추구합니다.","내향적이고 섬세한 감성의 운동선수로, 스트레스에 민감합니다. 성실하고 목표 지향적이며, 새로운 것을 탐구하는 것을 좋아합니다."
unseen_archetype_v3,230,False,,0.24358974358974358,231,0.1,231,0.8459752264955139,228,"외향적이고 성실하며 현실적인 운동선수입니다. 정서적으로 안정적이고 차분하여, 훈련에 집중하고 익숙한 방식을 선호합니다.","외향적이고 친절하며 협조적인 운동선수입니다. 대체로 안정적인 성격이며, 사람들과 어울리며 훈련하는 것을 좋아합니다."
unseen_archetype_v3,239,False,,0.19047619047619047,113,0.21739130434782608,113,0.8221476493124131,226,감정 기복이 있지만 친절하고 사교적인 운동선수입니다. 유연한 태도로 새로운 경험과 창의적인 활동을 선호합니다.,"외향적이고 사교적인 운동선수입니다. 느긋하고 차분한 성격으로 새로운 경험을 즐기며, 훈련에 유연하게 임합니다."
unseen_archetype_v3,244,False,,0.30337078651685395,218,0.3181818181818182,218,0.860874543350015,248,"창의적이고 새로운 경험을 추구하는 교수님입니다. 감정 기복이 있고 스트레스에 민감하지만, 즉흥적이고 자유분방한 방식으로 일정을 소화합니다.","내향적이지만 창의적이며 새로운 지식 탐구에 열정적인 교수님입니다. 감정 기복이 있어 스트레스에 민감하지만, 맡은 일은 성실히 해냅니다."
unseen_archetype_v3,245,False,,0.17647058823529413,67,0.13636363636363635,67,0.843521383115609,247,"안정적이고 차분한 성격의 교수님입니다. 전통을 중시하고 익숙한 방식을 선호하며, 성실하고 계획적으로 목표를 달성해 나갑니다.","내향적이고 조용한 성품을 지닌 교수님으로, 현실적이고 전통적인 방식을 선호합니다. 성실하고 계획적으로 연구에 임하며 안정감을 추구합니다."
unseen_archetype_v3,254,False,,0.12359550561797752,234,0.13793103448275862,38,0.8492059417190098,248,"감정 기복이 있고 스트레스에 민감하며 걱정이 많은 친절한 교수입니다. 새로운 경험과 지식을 추구하며, 일정을 유연하게 관리하는 편입니다.","내향적이지만 창의적이며 새로운 지식 탐구에 열정적인 교수님입니다. 감정 기복이 있어 스트레스에 민감하지만, 맡은 일은 성실히 해냅니다."
unseen_archetype_v3,259,False,,0.23469387755102042,218,0.25,218,0.8530483650379035,256,"외향적이고 활동적이며 새로운 경험을 추구하는 창의적인 데이터 과학자입니다. 감정 기복이 있고 스트레스에 민감하지만, 즉흥적이고 자유분방한 성격입니다.","외향적이고 사교적이며 활동적인 데이터 과학자입니다. 정서적으로 안정되고 차분하며, 새로운 경험과 지식을 탐구하는 데 열정적입니다."
unseen_archetype_v3,260,False,,0.17307692307692307,257,0.12,21,0.8932890495380529,257,"외향적이고 활동적이며 정서적으로 안정된 데이터 과학자입니다. 성실하고 계획적이며 꼼꼼하게 업무를 처리하며, 익숙한 방식과 현실적인 접근을 선호합니다.","외향적이고 활동적이며 자기주장이 강한 데이터 과학자입니다. 성실하고 계획적으로 목표를 추구하며, 익숙함과 새로운 것 사이의 균형을 중요하게 생각합니다."
unseen_archetype_v3,269,False,,0.22988505747126436,53,0.18181818181818182,266,0.814437096434561,113,친절하고 협조적이며 새로운 아이디어를 탐구하는 것을 좋아합니다. 감정 기복이 있고 스트레스에 민감하여 섬세한 편입니다.,"내향적이고 감정 기복이 있으며 스트레스에 민감한 편입니다. 하지만 성실하고 꼼꼼하게 업무를 처리하며, 새로운 경험과 창의적인 활동을 선호합니다."
unseen_archetype_v3,274,False,,0.14285714285714285,271,0.11764705882352941,271,0.8180125312002307,271,"활발하고 즉흥적인 HR 매니저입니다. 새로운 것을 시도하길 좋아하지만, 스트레스에 민감한 편입니다.","활발하고 사교적인 HR 매니저입니다. 새로운 경험을 좋아하며, 유연하게 업무를 처리합니다."
unseen_archetype_v3,275,False,,0.20967741935483872,277,0.17647058823529413,277,0.9113162997675759,277,"외향적이며 차분하고 성실한 HR 매니저입니다. 전통적인 방식을 선호하며, 계획대로 꼼꼼히 일합니다.","내향적이고 성실한 HR 매니저입니다. 안정적이고 차분하며, 전통적인 방식에 따라 꼼꼼히 일합니다."
unseen_archetype_v3,284,False,,0.14953271028037382,286,0.14285714285714285,63,0.7940387809403842,282,"감정 기복이 있고 걱정이 많지만, 타인을 배려하고 협조적인 HR 매니저입니다. 유연하게 일정을 관리하며, 항상 새로운 경험과 창의적인 아이디어를 추구합니다.","때때로 감정 기복이 있지만, 맡은 업무를 성실하고 계획적으로 처리하는 HR 매니저입니다. 익숙하고 현실적인 방식을 선호하며, 상황에 맞춰 협조적인 태도를 보입니다."
unseen_archetype_v3,289,False,,0.18181818181818182,249,0.2222222222222222,188,0.8990500777694179,293,"외향적이고 활동적이지만, 감정 기복이 있고 스트레스에 민감한 요리사입니다. 즉흥적이고 자유분방한 방식으로 일하며, 항상 창의적인 요리와 새로운 경험을 추구합니다.","내향적이지만 창의적인 요리사입니다. 감정 기복이 있어 스트레스에 민감하며, 성실하게 새로운 요리법을 탐구합니다."
unseen_archetype_v3,290,False,,0.14583333333333334,247,0.12,247,0.8688173964732958,287,"외향적이고 활동적이며 느긋하고 차분한 요리사입니다. 맡은 일을 성실하고 계획적으로 처리하며, 현실적이고 전통적인 요리 방식을 선호합니다.","외향적이고 활동적이지만, 독립적이고 자기주장이 강한 요리사입니다. 업무에 있어서는 성실하고 계획적이며, 익숙함과 새로운 것 사이의 균형을 중요하게 생각합니다."
unseen_archetype_v3,299,False,,0.12244897959183673,33,0.15384615384615385,33,0.8157999106471687,296,친절하고 사교적이지만 감정 기복이 있습니다. 유연한 일정 속에서도 개방적이고 창의적으로 새로운 요리를 시도하며 타인을 배려합니다.,상황에 따라 사교적이며 정서적으로 안정된 요리사입니다. 성실하고 창의적으로 새로운 레시피를 개발하고 타인을 배려합니다.
unseen_combo_v3,3,False,,0.2261904761904762,153,0.19230769230769232,153,0.8799995064042058,18,"친절하고 협조적이며 사교성이 좋습니다. 활동적인 것을 선호하고, 유연하게 일정을 관리하며 새로운 것과 익숙한 것 모두에 열린 태도를 보입니다.","외향적이고 친절하며, 타인을 배려하는 사교적인 성격입니다. 활동적이며 유연하게 일정을 관리하며 사람들과 어울리기를 즐깁니다."
unseen_combo_v3,8,False,,0.23684210526315788,278,0.2,218,0.9155937579875973,218,"내향적이지만 창의적이고 새로운 것을 탐구하는 데 열정적입니다. 성실하게 목표를 추구하지만, 감정 기복이 있고 스트레스에 취약한 편입니다.",내향적이지만 창의적이고 새로운 경험을 추구하는 성격입니다. 감정 기복이 있고 스트레스에 민감하지만 성실하고 계획적으로 목표를 달성하려 노력합니다.
unseen_combo_v3,17,False,,0.13333333333333333,43,0.08695652173913043,43,0.8772577114380552,215,"외향적이고 활동적이며, 목표 지향적인 성실함을 가졌습니다. 독립적이고 자기주장이 강하지만, 사람들과 교류하는 것도 좋아합니다.",외향적이고 사교적이며 활동적인 성격으로 사람들과 교류를 즐깁니다. 정서적으로 안정되어 있으며 성실하고 계획적으로 목표를 달성하는 것을 중요하게 생각합니다.
unseen_combo_v3,36,False,,0.1797752808988764,261,0.16666666666666666,261,0.8816148657055336,66,"내향적이고 혼자만의 시간을 선호하지만, 성실하고 꼼꼼하게 업무를 처리합니다. 정서적으로 안정되고 느긋한 편이며, 새로운 지식과 경험을 탐구하는 것을 즐깁니다.",내향적이고 조용하지만 성실하고 계획적으로 일을 처리합니다. 정서적으로 안정적이며 새로운 지식을 탐구하고 창의적인 것을 추구합니다.
unseen_combo_v3,42,False,,0.28205128205128205,102,0.2608695652173913,102,0.8100984225445702,102,"꼼꼼하고 계획적인 업무처리를 선호하는 회계사입니다. 현실적이고 익숙한 방식을 중시하며, 가끔 감정 기복이 있지만 대체로 안정적인 편입니다.","성실하고 계획적인 기업 임원입니다. 익숙한 방식과 전통을 선호하며, 가끔 감정 기복이 있지만 대체로 안정적인 편입니다."
unseen_combo_v3,45,False,,0.15306122448979592,135,0.14705882352941177,73,0.7518798555299758,41,"대체로 안정적이며 유연한 업무 처리를 하는 회계사입니다. 보통의 친화성과 개방성을 가지고 있으며, 익숙한 것과 새로운 것 사이의 균형을 추구합니다.","꼼꼼하고 목표 지향적인 회계사입니다. 친절하고 배려심이 깊으며, 새로운 지식과 경험을 추구하는 것을 즐깁니다. 정서적으로 안정적이고 느긋한 성격입니다."
unseen_combo_v3,52,False,,0.09734513274336283,55,0.12903225806451613,55,0.869623331843617,51,"조용하고 차분한 성격의 간호사로, 혼자 시간을 보내는 것을 선호합니다. 맡은 업무는 성실하고 꼼꼼하게 처리하며, 익숙하고 안정적인 방식을 중요하게 생각합니다.","혼자만의 시간을 소중히 여기는 내향적인 간호사입니다. 차분하고 안정적인 성격으로, 새로운 것을 배우고 탐구하는 데 열정적입니다. 맡은 일은 계획적으로 꼼꼼하게 처리합니다."
unseen_combo_v3,59,False,,0.1320754716981132,56,0.13793103448275862,56,0.8759617845830792,56,"친절하고 협조적인 간호사로, 상황에 따라 사람들과 어울립니다. 스트레스에 민감하지만 새로운 것을 탐구하는 것을 좋아하며, 유연하게 일정을 조율합니다.","친절하고 협조적인 성격의 간호사로, 상황에 따라 유연하게 사람들과 어울립니다. 차분하고 안정적이며, 새로운 지식을 탐구하며 목표를 향해 성실히 노력합니다."
unseen_combo_v3,65,False,,0.25301204819277107,67,0.19047619047619047,67,0.9027014439086046,67,"외향적이고 활동적이며, 성실하고 계획적인 교사입니다. 정서적으로 안정되어 있고 현실적인 사고방식을 가지며 익숙한 방식을 선호합니다.",내향적이지만 성실하고 계획적으로 목표를 달성하는 교사입니다. 정서적으로 안정되어 있으며 현실적이고 익숙한 방식을 선호합니다.
unseen_combo_v3,72,False,,0.2553191489361702,87,0.24,87,0.8608956663336931,73,"보통의 사교성을 지녔으며, 대체로 안정적이지만 가끔 감정 기복이 있습니다. 성실하고 계획적으로 목표를 추구하며, 현실적이고 익숙한 방식을 선호합니다.","보통의 사교성을 가졌지만, 정서적으로 안정적이고 느긋한 편입니다. 독립적이고 자기주장이 강하며, 목표를 향해 성실하고 꼼꼼하게 계획합니다. 익숙한 것과 새로운 것 사이의 균형을 중시합니다."
unseen_combo_v3,75,False,,0.18888888888888888,105,0.19230769230769232,297,0.8546246237946875,74,"보통의 사교성을 지녔으며, 대체로 안정적이지만 가끔 감정 기복이 있습니다. 보통의 친화성과 유연한 성실성을 가지며, 익숙함과 새로움의 균형을 선호합니다.","보통의 사교성을 지녔으며, 감정 기복이 있고 스트레스에 민감한 편입니다. 친절하고 타인을 배려하며, 유연한 일정 관리와 새로운 경험을 추구합니다."
unseen_combo_v3,76,False,,0.2988505747126437,136,0.23809523809523808,80,0.9437064173238445,121,"외향적이고 사교적이며 활동적입니다. 정서적으로 안정적이고 느긋하며, 유연하게 일정을 관리합니다. 새로운 경험과 창의적인 활동을 즐깁니다.","외향적이고 사교적이며 활동적인 성격입니다. 정서적으로 안정적이고 느긋하며, 새로운 경험을 추구하는 창의적인 면모를 가지고 있습니다."
unseen_combo_v3,81,False,,0.14285714285714285,218,0.12,218,0.8330785302709582,83,내향적이지만 창의적이고 새로운 경험을 즐기는 성실한 영업사원입니다. 혼자만의 시간을 소중히 여기며 차분하고 안정적인 성격입니다.,"감성적이고 스트레스에 민감하지만, 새로운 것을 추구하며 성실히 업무에 임하는 영업사원입니다. 내향적인 성향으로 혼자만의 시간을 중요하게 생각합니다."
unseen_combo_v3,108,False,,0.14035087719298245,273,0.08695652173913043,74,0.8113444537823176,78,"외향적이고 친절한 공무원입니다. 타인을 배려하며 유연한 성격으로, 대체로 안정적입니다.","외향적이고 사교적이며 활동적인 성격입니다. 대체로 안정적이지만 가끔 감정 기복이 있으며, 친절하고 타인 배려를 우선합니다. 유연하게 일정을 관리합니다."
unseen_combo_v3,110,False,,0.13157894736842105,117,0.10526315789473684,117,0.8120499464552781,112,"외향적이고 성실한 공무원입니다. 느긋하고 차분하며, 현실적이고 전통적인 방식을 선호합니다.","조용하고 차분하며 혼자만의 시간을 즐기는 내향적인 사람입니다. 성실하고 계획적으로 업무를 처리하며, 현실적이고 전통적인 가치를 중요하게 여깁니다."
unseen_combo_v3,111,False,,0.26506024096385544,21,0.19047619047619047,21,0.9122220878967556,66,"내향적이지만 창의적이며 새로운 경험을 추구합니다. 업무는 계획적이고 꼼꼼하게 처리하며, 정서적으로 안정적이고 차분한 성격입니다.",내향적이고 조용하지만 성실하고 계획적으로 일을 처리합니다. 정서적으로 안정적이며 새로운 지식을 탐구하고 창의적인 것을 추구합니다.
unseen_combo_v3,116,False,,0.10784313725490197,56,0.10714285714285714,56,0.8353902276323406,265,"상황에 따라 유연하게 행동하며, 친절하고 협조적인 성격입니다. 업무는 계획적이고 꼼꼼하며, 새로운 경험을 즐기는 개방적인 사람입니다.",느긋하고 차분하며 타인을 배려하는 친절한 성격입니다. 유연하게 일정을 관리하며 새로운 경험에도 열린 마음을 가집니다.
unseen_combo_v3,119,False,,0.2808988764044944,259,0.2727272727272727,184,0.8570637838647426,74,"친절하고 협조적이며 새로운 경험을 추구하는 개방적인 사람입니다. 감정 기복이 있고 스트레스에 민감하지만, 유연하게 일정을 관리합니다.","보통의 사교성을 지녔으며, 감정 기복이 있고 스트레스에 민감한 편입니다. 친절하고 타인을 배려하며, 유연한 일정 관리와 새로운 경험을 추구합니다."
unseen_combo_v3,125,False,,0.14893617021276595,117,0.13043478260869565,117,0.8743084790692814,35,"외향적이고 활동적이며 성실한 디자이너입니다. 정서적으로 안정적이고 느긋하지만, 현실적이고 전통적인 방식을 선호하며 목표 달성에 집중합니다.","외향적이고 사교적이며 활동적인 인물입니다. 정서적으로 안정되고 느긋하며, 성실하고 계획적으로 목표를 추구합니다. 현실적이며 전통적인 방식을 선호합니다."
unseen_combo_v3,126,False,,0.21348314606741572,68,0.22727272727272727,68,0.8349466902137066,156,"내향적이고 조용하며 혼자만의 시간을 소중히 여깁니다. 정서적으로 안정적이고 차분하며, 새로운 아이디어를 추구하는 창의적이고 성실한 디자이너입니다.","내향적이지만 성실하고 계획적인 창업가입니다. 창의적인 아이디어를 추구하며, 혼자만의 시간을 통해 재충전합니다."
unseen_combo_v3,132,False,,0.27631578947368424,102,0.2727272727272727,102,0.8015748691973574,102,"현실적이고 전통적인 방식을 선호하는 그래픽 디자이너입니다. 성실하고 계획적이며, 가끔 감정 기복이 있지만 대체로 안정적인 편입니다.","성실하고 계획적인 기업 임원입니다. 익숙한 방식과 전통을 선호하며, 가끔 감정 기복이 있지만 대체로 안정적인 편입니다."
unseen_combo_v3,145,False,,0.07865168539325842,235,0.03333333333333333,19,0.8053219019321783,138,"온화하고 협조적인 작가. 혼자 있는 시간을 선호하지만 주변에 친절하며, 안정적이고 느긋하게 글을 쓰는 편입니다. 유연한 일정을 좋아합니다.","외향적이고 친절하며 사교적인 작가입니다. 타인을 배려하고 유연하게 일정을 관리하며, 익숙함과 새로움 사이의 균형을 중시합니다."
unseen_combo_v3,150,False,,0.09183673469387756,105,0.0967741935483871,105,0.7743581633895472,147,"균형 잡힌 시각의 작가. 대체로 안정적이지만 가끔 감정의 변화를 겪습니다. 유연한 일정 속에서 보통의 성실함으로 글을 쓰며, 사람들과도 무난하게 교류합니다.","성실하고 현실적인 작가. 전통을 중시하며 계획적으로 글을 씁니다. 대체로 안정적이지만 가끔 감정 기복이 있으며, 보통의 사교성을 지녔습니다."
unseen_combo_v3,154,False,,0.10752688172043011,54,0.125,84,0.8990476292250259,184,창의적이고 즉흥적인 성격으로 새로운 경험을 탐험합니다. 감정 기복이 있지만 외향적이며 스트레스 관리에 주의를 기울입니다.,"즉흥적이고 자유분방하며 새로운 경험을 추구하는 외향적인 성격입니다. 감정 기복이 있고 스트레스에 민감하지만, 창의적인 면모가 돋보입니다."
unseen_combo_v3,159,False,,0.11827956989247312,9,0.125,68,0.7967986113957766,39,"즉흥적이고 독립적인 내향 창업가입니다. 감정 기복이 있지만 혼자만의 시간을 소중히 하며, 경쟁적인 상황에서 능력을 발휘합니다.","내향적이고 혼자 있기를 좋아하며, 감정 기복이 심하고 스트레스에 민감합니다. 독립적이고 경쟁심이 강하며, 즉흥적이고 자유분방한 방식으로 삶을 살아갑니다."
unseen_combo_v3,160,False,,0.1827956989247312,220,0.17391304347826086,220,0.8777602480983325,115,내향적이고 차분하며 친절한 창업가입니다. 타인을 배려하며 유연하게 일정을 관리하고 혼자만의 시간을 가지면서도 조화로운 관계를 추구합니다.,"내향적이고 차분하며 타인을 배려하는 친절한 성격입니다. 유연하게 일정을 관리하며 안정감을 추구하고, 혼자 시간을 보내는 것을 즐깁니다."
unseen_combo_v3,163,False,,0.09523809523809523,73,0.10714285714285714,73,0.8404298999914002,152,독립적이고 성실한 창업가입니다. 자기주장이 강하며 목표를 향해 꼼꼼히 계획하고 추진하는 스타일입니다.,"활동적이고 목표 지향적인 창업가로, 독립적인 성향이 강합니다. 계획적이며 꼼꼼하게 업무를 처리합니다."
unseen_combo_v3,164,False,,0.30952380952380953,134,0.25,134,0.8532924378861221,134,"친절하고 창의적인 창업가이지만, 감정 기복이 있고 스트레스에 민감합니다. 유연하게 일정을 관리하며 새로운 경험을 즐깁니다.","친절하고 타인을 배려하지만, 감정 기복이 있고 스트레스에 민감한 그래픽 디자이너입니다. 유연하게 일정을 관리하며 새로운 경험과 창의적인 활동을 추구합니다."
unseen_combo_v3,165,False,,0.23076923076923078,30,0.2,30,0.7858982878708285,295,"균형 잡힌 성격의 창업가입니다. 대체로 안정적이며 유연하게 일정을 관리하고, 새로운 것과 익숙한 것 모두에 열려 있습니다.","내향적이지만 친절하고 협조적입니다. 정서적으로 안정적이며 유연하게 일정을 관리하며, 익숙함과 새로움의 균형을 추구합니다."
unseen_combo_v3,169,False,,0.37333333333333335,124,0.25,124,0.8773749792971075,124,"외향적이고 창의적인 건설감독입니다. 즉흥적이고 자유분방한 성격으로 새로운 경험을 추구하지만, 스트레스에 민감합니다.",외향적이고 창의적이지만 감정 기복이 있고 스트레스에 민감합니다. 즉흥적이고 자유분방한 성격으로 새로운 경험을 찾아 나서는 것을 좋아합니다.
unseen_combo_v3,172,False,,0.23157894736842105,178,0.18518518518518517,178,0.8298947743566649,171,"과묵하고 혼자 있는 것을 즐기는 건설감독입니다. 안정적이고 차분한 성격으로, 성실하게 계획을 따르며 익숙한 방식대로 효율적인 업무 처리를 선호합니다.","혼자만의 시간을 선호하는 차분한 성격의 건설감독입니다. 성실하고 계획적이며, 새로운 아이디어에 열려 있어 업무에 창의적으로 접근합니다."
unseen_combo_v3,174,False,,0.24050632911392406,264,0.125,249,0.8181686637654724,114,"독립적이고 자기주장이 강한 내향적 건설감독입니다. 감정 기복이 있으나, 즉흥적이고 자유분방한 태도로 일과 삶의 균형을 추구합니다.","독립적이고 자기주장이 강하며 즉흥적인 면모를 지녔습니다. 감정 기복이 있지만, 혼자 시간을 보내는 것을 선호하며 새로운 것과 익숙한 것의 균형을 추구합니다."
unseen_combo_v3,175,False,,0.11458333333333333,70,0.07692307692307693,7,0.8963454661693855,115,"차분하고 안정적인 성격의 내향적 건설감독입니다. 타인을 배려하며 친절하게 협조하지만, 일정 관리는 유연하게 하며 혼자만의 시간을 즐깁니다.","내향적이고 차분하며 타인을 배려하는 친절한 성격입니다. 유연하게 일정을 관리하며 안정감을 추구하고, 혼자 시간을 보내는 것을 즐깁니다."
unseen_combo_v3,182,False,,0.09782608695652174,2,0.08695652173913043,272,0.8521474502102063,212,"외향적이고 목표 지향적인 성격으로, 경쟁적인 상황에서도 자신의 주장을 굽히지 않습니다. 꾸준히 성실하게 계획을 수행하며, 사회 활동도 적극적입니다.",외향적이고 활동적이며 경쟁적인 성격으로 목표 지향적입니다. 계획을 세워 꼼꼼하게 일을 처리하며 사람들과 어울리는 것을 좋아합니다.
unseen_combo_v3,186,False,,0.2777777777777778,6,0.25,6,0.8924394426016776,216,"내향적이고 조용하지만, 새로운 경험을 추구하며 창의적인 면모가 있습니다. 정서적으로 안정되어 꾸준히 계획을 세워 목표를 달성하는 성실한 연구자입니다.",내향적이고 조용하지만 창의적이고 새로운 경험을 추구합니다. 정서적으로 안정되어 있으며 성실하고 계획적으로 목표를 달성하는 데 집중합니다.
unseen_combo_v3,192,False,,0.10465116279069768,62,0.13043478260869565,107,0.7729119894367438,187,학업에 매우 성실하며 현실적이고 안정적인 것을 선호합니다. 가끔 감정 기복이 있지만 평소에는 차분하게 연구에 집중합니다.,"조용하고 내향적이지만 성실하며 계획적으로 목표를 추구합니다. 정서적으로 안정되어 차분하며, 현실적이고 익숙한 방식을 선호하는 실용적인 연구자입니다."
unseen_combo_v3,194,False,,0.16483516483516483,191,0.13043478260869565,191,0.7756829881423557,269,스트레스에 민감하지만 친절하고 협조적인 대학원생입니다. 새로운 아이디어를 탐구하며 유연하게 연구를 진행하고 타인을 배려합니다.,친절하고 협조적이며 새로운 아이디어를 탐구하는 것을 좋아합니다. 감정 기복이 있고 스트레스에 민감하여 섬세한 편입니다.
unseen_combo_v3,195,False,,0.19047619047619047,105,0.25,105,0.7516334106382656,105,"균형 잡힌 성격의 대학원생으로, 평소에는 안정적이지만 가끔 감정 기복이 있습니다. 유연하게 연구를 진행하며 다양한 사람들과 교류합니다.","유연하고 균형 잡힌 성격의 기업 임원입니다. 상황에 따라 외향적이기도 하며, 대체로 안정적이지만 가끔 감정 기복이 있습니다."
unseen_combo_v3,197,False,,0.11764705882352941,167,0.09523809523809523,167,0.773113496075019,148,"목표 지향적이고 독립적인 번역가입니다. 외향적이지만 자기주장이 강하며, 꾸준하고 성실하게 작업을 완수하고 새로운 지식을 익힙니다.",강한 자기주장을 가진 작가. 독립적이며 목표 지향적으로 작업에 몰두합니다. 느긋하고 차분하지만 보통의 사교성으로 주변과 균형을 이룹니다.
unseen_combo_v3,201,False,,0.13157894736842105,261,0.13043478260869565,233,0.7894160492342678,246,혼자만의 시간을 소중히 여기는 차분한 성격의 소유자입니다. 목표 지향적이며 새로운 지식을 탐구하는 것을 즐깁니다.,"혼자 시간을 선호하는 내향적인 교수님이지만, 창의적이고 새로운 지식 탐구를 즐깁니다. 성실하고 계획적으로 연구에 매진합니다."
unseen_combo_v3,204,False,,0.11538461538461539,279,0.11538461538461539,113,0.8704665611565319,39,내향적이지만 경쟁심이 강하고 자기주장이 뚜렷합니다. 감정 기복이 있으며 즉흥적인 면이 있어 자유로운 활동을 선호합니다.,"내향적이고 혼자 있기를 좋아하며, 감정 기복이 심하고 스트레스에 민감합니다. 독립적이고 경쟁심이 강하며, 즉흥적이고 자유분방한 방식으로 삶을 살아갑니다."
unseen_combo_v3,210,False,,0.14606741573033707,135,0.16666666666666666,73,0.8318202469765259,15,"상황에 따라 유연하게 대처하며, 대체로 안정적입니다. 보통의 성실함으로 익숙한 것과 새로운 것 사이의 균형을 추구합니다.","대체로 온화하고 무난한 성격으로, 상황에 맞춰 유연하게 대처합니다. 새로운 시도와 익숙한 방식 사이에서 균형을 찾는 편입니다."
unseen_combo_v3,213,False,,0.17525773195876287,286,0.15384615384615385,286,0.9747210309542291,18,외향적이고 사교적이며 친절하여 타인을 배려합니다. 활동적인 성격으로 유연하게 일정을 관리하며 사람들과 함께 하는 시간을 즐깁니다.,"외향적이고 친절하며, 타인을 배려하는 사교적인 성격입니다. 활동적이며 유연하게 일정을 관리하며 사람들과 어울리기를 즐깁니다."
unseen_combo_v3,219,False,,0.2222222222222222,264,0.12,264,0.8828707909669411,39,내향적이고 독립적이며 자기주장이 강한 성격입니다. 감정 기복이 있지만 즉흥적이고 자유분방하게 삶의 흐름을 따르며 경쟁을 즐깁니다.,"내향적이고 혼자 있기를 좋아하며, 감정 기복이 심하고 스트레스에 민감합니다. 독립적이고 경쟁심이 강하며, 즉흥적이고 자유분방한 방식으로 삶을 살아갑니다."
unseen_combo_v3,224,False,,0.13131313131313133,49,0.16666666666666666,4,0.7899937955970242,179,"친절하고 협조적이나 감정 기복이 있는 트레이너입니다. 스트레스에 민감하여 여가 시간을 필요로 하며, 새로운 경험을 즐깁니다.","친절하고 협조적이며 상황에 따라 사교적인 건설감독입니다. 감정 기복이 있고 스트레스에 민감하지만, 유연한 태도로 새로운 경험과 창의적인 도전을 즐깁니다."
unseen_combo_v3,227,False,,0.14666666666666667,234,0.09523809523809523,234,0.8303720389312137,238,"외향적이고 경쟁심 강한 운동선수입니다. 성실하고 목표 지향적이며, 훈련에 대한 계획을 꼼꼼히 세웁니다.","사교적이지만 독립적이고 경쟁심이 강한 성실한 운동선수입니다. 정서적으로 안정적이며, 목표 달성을 중요하게 생각합니다."
unseen_combo_v3,228,False,,0.13924050632911392,237,0.047619047619047616,236,0.8655110206744855,235,"외향적이고 친절하며 협조적인 운동선수입니다. 대체로 안정적인 성격이며, 사람들과 어울리며 훈련하는 것을 좋아합니다.","내향적이지만 친절하고 협조적이며, 정서적으로 안정된 운동선수입니다. 유연한 일정 관리와 차분함을 좋아합니다."
unseen_combo_v3,229,False,,0.2191780821917808,293,0.2222222222222222,293,0.8773039127274458,184,"외향적이고 즉흥적인 운동선수입니다. 감정 기복이 있어 스트레스에 민감하며, 자유분방하게 새로운 경험을 추구합니다.","즉흥적이고 자유분방하며 새로운 경험을 추구하는 외향적인 성격입니다. 감정 기복이 있고 스트레스에 민감하지만, 창의적인 면모가 돋보입니다."
unseen_combo_v3,240,False,,0.11904761904761904,238,0.07692307692307693,270,0.8510129410520167,226,"대체로 안정적이고 유연한 성격의 운동선수입니다. 사교성이 보통이며, 익숙한 것과 새로운 것의 균형을 중요하게 생각합니다.","외향적이고 사교적인 운동선수입니다. 느긋하고 차분한 성격으로 새로운 경험을 즐기며, 훈련에 유연하게 임합니다."
unseen_combo_v3,242,False,,0.1956521739130435,118,0.15625,73,0.8193181377168719,193,"성실하고 계획적인 성격으로, 목표 지향적인 연구를 추구합니다. 독립적이고 자기주장이 강하며, 새로운 것과 익숙한 것 사이의 균형을 중시합니다.","독립적이고 목표 지향적인 연구자입니다. 정서적으로 안정되어 차분하게 업무에 집중하며, 적절히 새로운 경험도 받아들입니다."
unseen_combo_v3,243,False,,0.10679611650485436,288,0.07692307692307693,288,0.8380418081794644,250,"친절하고 협조적인 성품으로 타인을 배려하는 교수님입니다. 외향적이고 사교적이며, 유연한 태도로 익숙함과 새로움의 조화를 추구합니다.","친절하고 협조적이지만 내향적인 교수님입니다. 정서적으로 안정되고 느긋하며, 유연하게 일정을 관리하면서도 지식 탐구를 게을리하지 않습니다."
unseen_combo_v3,244,False,,0.3764705882352941,259,0.38095238095238093,259,0.8811911978563634,254,"창의적이고 새로운 경험을 추구하는 교수님입니다. 감정 기복이 있고 스트레스에 민감하지만, 즉흥적이고 자유분방한 방식으로 일정을 소화합니다.","감정 기복이 있고 스트레스에 민감하며 걱정이 많은 친절한 교수입니다. 새로운 경험과 지식을 추구하며, 일정을 유연하게 관리하는 편입니다."
unseen_combo_v3,247,False,,0.16483516483516483,117,0.125,117,0.847793926713498,187,"내향적이고 조용한 성품을 지닌 교수님으로, 현실적이고 전통적인 방식을 선호합니다. 성실하고 계획적으로 연구에 임하며 안정감을 추구합니다.","조용하고 내향적이지만 성실하며 계획적으로 목표를 추구합니다. 정서적으로 안정되어 차분하며, 현실적이고 익숙한 방식을 선호하는 실용적인 연구자입니다."
unseen_combo_v3,248,False,,0.24358974358974358,293,0.16,64,0.8492759507981824,249,"내향적이지만 창의적이며 새로운 지식 탐구에 열정적인 교수님입니다. 감정 기복이 있어 스트레스에 민감하지만, 맡은 일은 성실히 해냅니다.","내향적이고 자기주장이 강한 교수님입니다. 감정 기복이 있고 스트레스에 취약하며, 즉흥적이고 자유분방한 방식으로 연구를 진행합니다."
unseen_combo_v3,251,False,,0.19767441860465115,86,0.18181818181818182,86,0.7724597567068145,253,"차분하고 친절하며 타인을 배려하는 교수입니다. 매우 성실하고 계획적이며, 새로운 지식과 경험을 추구하는 창의적인 성향을 가졌습니다.","정서적으로 안정되고 차분하며, 독립적이고 자기주장이 강한 교수입니다. 성실하고 계획적으로 목표를 달성하며, 익숙함과 새로운 것 사이의 균형을 추구합니다."
unseen_combo_v3,255,False,,0.2696629213483146,135,0.25925925925925924,135,0.8684451790726122,252,"대체로 안정적이지만 가끔 감정 기복이 있는 교수입니다. 보통의 성실성을 가지고 유연하게 일정을 관리하며, 익숙함과 새로운 것의 균형을 유지합니다.","대체로 안정적이나 감정 기복이 있을 수 있는 교수입니다. 성실하고 계획적이며, 익숙한 방식과 전통을 선호하는 현실적인 경향이 있습니다."
unseen_combo_v3,271,False,,0.2222222222222222,273,0.125,273,0.8180125312002307,274,"활발하고 사교적인 HR 매니저입니다. 새로운 경험을 좋아하며, 유연하게 업무를 처리합니다.","활발하고 즉흥적인 HR 매니저입니다. 새로운 것을 시도하길 좋아하지만, 스트레스에 민감한 편입니다."
unseen_combo_v3,275,False,,0.20967741935483872,277,0.17647058823529413,277,0.9113162997675759,277,"외향적이며 차분하고 성실한 HR 매니저입니다. 전통적인 방식을 선호하며, 계획대로 꼼꼼히 일합니다.","내향적이고 성실한 HR 매니저입니다. 안정적이고 차분하며, 전통적인 방식에 따라 꼼꼼히 일합니다."
unseen_combo_v3,290,False,,0.24175824175824176,185,0.16666666666666666,185,0.8688173964732958,287,"외향적이고 활동적이며 느긋하고 차분한 요리사입니다. 맡은 일을 성실하고 계획적으로 처리하며, 현실적이고 전통적인 요리 방식을 선호합니다.","외향적이고 활동적이지만, 독립적이고 자기주장이 강한 요리사입니다. 업무에 있어서는 성실하고 계획적이며, 익숙함과 새로운 것 사이의 균형을 중요하게 생각합니다."
unseen_combo_v3,294,False,,0.27058823529411763,24,0.20833333333333334,24,0.8044775859402166,298,"내향적이고 감정 기복이 있지만, 독립적이고 자기주장이 강합니다. 즉흥적인 방식으로 요리하며, 새로운 시도와 익숙함을 적절히 조합합니다.","독립적이고 자기주장이 강하며 상황에 따라 사교적입니다. 정서적으로 안정적이고 성실하며, 목표 지향적으로 익숙함과 새로움을 조화롭게 요리합니다."
designer_cross_lingual,10001,False,,0.0,1,0.0,1,0.6805285281177322,96,"A disciplined, goal-oriented corporate strategist. He cares deeply about polished plans, and even during breaks reviews his recent work and the next learning targets he has set for himself.",내향적이지만 창의적인 기업 임원입니다. 혼자만의 시간을 선호하며 차분하게 계획을 세워 목표를 달성하는 것을 중요하게 생각합니다.
designer_cross_lingual,10002,False,,0.0,1,0.0,1,0.6323353729383873,186,"A quiet, careful introverted researcher. She prefers reading and organizing material alone over crowded places, and when anxiety creeps in she settles herself by retreating into familiar routines.","내향적이고 조용하지만, 새로운 경험을 추구하며 창의적인 면모가 있습니다. 정서적으로 안정되어 꾸준히 계획을 세워 목표를 달성하는 성실한 연구자입니다."
designer_cross_lingual,10003,False,,0.0,1,0.0,1,0.6856978264268834,213,"A sociable, warm event planner. She gets her energy from gathering people together and lifting the mood, and her day naturally flows around conversation and shared downtime.",외향적이고 사교적이며 친절하여 타인을 배려합니다. 활동적인 성격으로 유연하게 일정을 관리하며 사람들과 함께 하는 시간을 즐깁니다.
designer_cross_lingual,10004,False,,0.0,1,0.0,1,0.6841594959270575,227,"A brave, highly disciplined personal trainer. He sets competitive training goals, keeps a steady conditioning routine, and tends to act first when things get tough.","외향적이고 경쟁심 강한 운동선수입니다. 성실하고 목표 지향적이며, 훈련에 대한 계획을 꼼꼼히 세웁니다."
designer_cross_lingual,10005,False,,0.0,1,0.0,1,0.6639424573393824,31,"An easygoing, low-motivation freelancer. He puts off work to lounge on the couch or grab quick meals, and avoids energy-intensive chores like cleaning or exercise.","이 NPC는 사교적이고 활동적이며 새로운 경험을 추구합니다. 정서적으로 안정적이고 여유로운 성격으로, 유연하게 일정을 관리합니다."
designer_cross_lingual,10006,False,,0.0,1,0.0,1,0.6695471099939282,220,"An easygoing villager who loves food and sleep. He prefers a slow-eating, rest-heavy daily rhythm over rushing around, and is friendly without getting attached to big plans.",내향적이지만 친절하고 협조적이며 타인을 배려합니다. 정서적으로 안정되어 느긋하며 유연하게 일정을 관리하고 혼자만의 시간을 즐깁니다.
designer_cross_lingual,10007,False,,0.0,1,0.0,1,0.5840975328701374,226,"An energetic villager who obsesses over fitness. He fills most of the day with conditioning and active games, and even his conversations gravitate toward how to get stronger.","외향적이고 사교적인 운동선수입니다. 느긋하고 차분한 성격으로 새로운 경험을 즐기며, 훈련에 유연하게 임합니다."
designer_cross_lingual,10008,False,,0.0,1,0.0,1,0.5558421987314057,35,"A stubborn, old-fashioned villager with a gruff exterior. He comes off prickly at first but quietly looks out for the people he knows, and is more at ease in solitary downtime than in anything fashionable.","외향적이고 사교적이며 활동적인 인물입니다. 정서적으로 안정되고 느긋하며, 성실하고 계획적으로 목표를 추구합니다. 현실적이며 전통적인 방식을 선호합니다."
designer_cross_lingual,10009,False,,0.0,1,0.0,1,0.6597386516668575,220,"A gentle, attentive villager who cares about hygiene and tidiness. She keeps a calm routine of cleaning and self-care, and quietly helps the people around her feel at ease.",내향적이지만 친절하고 협조적이며 타인을 배려합니다. 정서적으로 안정되어 느긋하며 유연하게 일정을 관리하고 혼자만의 시간을 즐깁니다.
designer_cross_lingual,10010,False,,0.0,1,0.0,1,0.608206206712641,31,"An upbeat villager who dreams of becoming a pop star. She talks to strangers first, enjoys active play, and moves through the day as if it were a rehearsal — bright and fast-paced.","이 NPC는 사교적이고 활동적이며 새로운 경험을 추구합니다. 정서적으로 안정적이고 여유로운 성격으로, 유연하게 일정을 관리합니다."
designer_cross_lingual,10011,False,,0.0,1,0.0,1,0.5879357276358904,125,"A villager obsessed with fashion who holds firm to her own standards. She works at staying polished, and even in company she carries herself with a confident, slightly distant air.","외향적이고 활동적이며 성실한 디자이너입니다. 정서적으로 안정적이고 느긋하지만, 현실적이고 전통적인 방식을 선호하며 목표 달성에 집중합니다."
designer_cross_lingual,10012,False,,0.0,1,0.0,1,0.5973678403211946,31,"A gentlemanly villager who is rather pleased with himself. He enjoys mannered conversation, shows off his tastes often, and tries to arrange both work and rest so they look impressive.","이 NPC는 사교적이고 활동적이며 새로운 경험을 추구합니다. 정서적으로 안정적이고 여유로운 성격으로, 유연하게 일정을 관리합니다."
designer_cross_lingual,10013,False,,0.0,1,0.0,1,0.6050304659332826,78,"A blunt, spirited villager who instinctively protects the people around her. Her tone can be rough, but she steps in first when someone needs help, and values both active work and shared downtime.","외향적이고 사교적이며 활동적인 성격입니다. 대체로 안정적이지만 가끔 감정 기복이 있으며, 친절하고 타인 배려를 우선합니다. 유연하게 일정을 관리합니다."
designer_cross_lingual,10014,False,,0.0,1,0.0,1,0.5520055123977684,186,"A librarian devoted to books and research material. Stepping in front of crowds feels heavy, but during solitary deep-study hours she focuses harder than anyone.","내향적이고 조용하지만, 새로운 경험을 추구하며 창의적인 면모가 있습니다. 정서적으로 안정되어 꾸준히 계획을 세워 목표를 달성하는 성실한 연구자입니다."
designer_cross_lingual,10015,False,,0.0,1,0.0,1,0.6055769671073985,31,"A sales manager skilled at persuading people and steering a room. He enjoys meeting new contacts and is constantly planning and moving in pursuit of the next, bigger deal.","이 NPC는 사교적이고 활동적이며 새로운 경험을 추구합니다. 정서적으로 안정적이고 여유로운 성격으로, 유연하게 일정을 관리합니다."
designer_cross_lingual,10016,False,,0.0,1,0.0,1,0.6164016198190297,115,A warm caretaker who finds meaning in looking after children and family. She enjoys offering kind words and simply spending time alongside the people she cares about.,"내향적이고 차분하며 타인을 배려하는 친절한 성격입니다. 유연하게 일정을 관리하며 안정감을 추구하고, 혼자 시간을 보내는 것을 즐깁니다."
designer_cross_lingual,10017,False,,0.0,1,0.0,1,0.5832836071746837,181,"A free-spirited, curious illustrator. She draws when inspiration strikes rather than on a fixed schedule, and loves wandering through cafes and unfamiliar neighborhoods for new material.","외향적이고 활동적인 성격으로 새로운 경험을 즐깁니다. 유연한 일정 속에서도 창의적인 아이디어를 추구하며, 정서적으로 안정되어 있습니다."
designer_cross_lingual,10018,False,,0.0,1,0.0,1,0.6710152776373295,229,"An impulsive adventurer who throws himself into risky situations first. He grows restless without new experiences, and his quick temper comes paired with a matching lack of fear.","외향적이고 즉흥적인 운동선수입니다. 감정 기복이 있어 스트레스에 민감하며, 자유분방하게 새로운 경험을 추구합니다."
designer_cross_lingual,10019,False,,0.0,1,0.0,1,0.5230328318215017,93,"A solid bar manager who looks after both customers and staff. There is a warmth beneath her rough way of talking, and she approaches anyone who looks like they are struggling without waiting to be asked.","타인을 배려하는 친절한 기업 임원입니다. 외향적인 성격으로 사람들과 교류를 즐기며, 유연하게 일정을 관리하는 것을 선호합니다."
designer_cross_lingual,10020,False,,0.0,1,0.0,1,0.5345984605304147,31,"A perpetually drowsy night guard. During quiet hours he leans back in his chair to rest or takes a short nap, and is happy with a quiet routine as long as nothing serious happens.","이 NPC는 사교적이고 활동적이며 새로운 경험을 추구합니다. 정서적으로 안정적이고 여유로운 성격으로, 유연하게 일정을 관리합니다."
designer_cross_lingual,10021,False,,0.0,1,0.0,1,0.5613607350944428,181,"A curious elementary schooler. She cannot sit still, runs around the playground with her friends, and dives straight into any new game she discovers.","외향적이고 활동적인 성격으로 새로운 경험을 즐깁니다. 유연한 일정 속에서도 창의적인 아이디어를 추구하며, 정서적으로 안정되어 있습니다."
designer_cross_lingual,10022,False,,0.0,1,0.0,1,0.5662340524817098,36,"A cafe part-timer who frets over small mistakes. She wants to handle customers well but her mind often races, and during quiet stretches she opens a book by herself.","내향적이고 혼자만의 시간을 선호하지만, 성실하고 꼼꼼하게 업무를 처리합니다. 정서적으로 안정되고 느긋한 편이며, 새로운 지식과 경험을 탐구하는 것을 즐깁니다."
designer_cross_lingual,10023,False,,0.0,1,0.0,1,0.6035249427365987,217,A conservative mayor who guards the town's traditions. He prefers to move on a fixed schedule and prioritizes stable administration over sweeping change.,내향적이고 혼자만의 시간을 선호하지만 정서적으로 안정되어 있습니다. 성실하고 계획적으로 목표를 달성하며 익숙한 방식과 현실적인 것을 중요하게 생각합니다.
designer_cross_lingual,10024,False,,0.0,1,0.0,1,0.5374837431808377,81,"An energetic, sharp-minded small-shop owner. He chats easily with customers while quietly running sales and inventory numbers in his head.",내향적이지만 창의적이고 새로운 경험을 즐기는 성실한 영업사원입니다. 혼자만의 시간을 소중히 여기며 차분하고 안정적인 성격입니다.
designer_cross_lingual,10025,False,,0.0,1,0.0,1,0.5509838468054513,130,"A veteran carpenter with excellent hands. She calmly reviews drawings and plans the next job, and works hard to balance her craft and her family.","내향적이고 차분하며 친절한 디자이너입니다. 타인을 배려하고 협조하는 편이며, 유연한 일정 관리를 통해 자신의 작업을 조용히 해나갑니다."
designer_cross_lingual,10026,False,,0.0,1,0.0,1,0.6240736568211719,186,"An environmental scientist who keeps revisiting data and hypotheses. New data excites him, and he does not stop studying and analyzing until a clear answer emerges.","내향적이고 조용하지만, 새로운 경험을 추구하며 창의적인 면모가 있습니다. 정서적으로 안정되어 꾸준히 계획을 세워 목표를 달성하는 성실한 연구자입니다."
designer_cross_lingual,10027,False,,0.0,1,0.0,1,0.5657362471596352,126,A reclusive freelance developer who keeps code and music closer than people. He works quietly in his room during the day and most dislikes anyone intruding on his time.,"내향적이고 조용하며 혼자만의 시간을 소중히 여깁니다. 정서적으로 안정적이고 차분하며, 새로운 아이디어를 추구하는 창의적이고 성실한 디자이너입니다."
designer_cross_lingual,10028,False,,0.0,1,0.0,1,0.5581426522422588,31,"A student drawn to the unfamiliar. She prefers imagining herself exploring dungeons, ruins, and mysteries over the regular day-to-day, and finds sitting still suffocating.","이 NPC는 사교적이고 활동적이며 새로운 경험을 추구합니다. 정서적으로 안정적이고 여유로운 성격으로, 유연하게 일정을 관리합니다."
designer_cross_lingual,10029,False,,0.0,1,0.0,1,0.5820533684299108,115,A gentle after-school tutor who reads books to children. She likes a calm routine and values doing a little bit each day to help the kids grow.,"내향적이고 차분하며 타인을 배려하는 친절한 성격입니다. 유연하게 일정을 관리하며 안정감을 추구하고, 혼자 시간을 보내는 것을 즐깁니다."
designer_cross_lingual,10030,False,,0.0,1,0.0,1,0.5138887227698314,142,"A hermit living self-sufficiently at the foot of a mountain. He values nature and solitary time over the bustle of society, and lives frugally, working only as much as he needs to.","차분하고 성실한 작가. 전통적인 방식을 선호하며, 계획적으로 글을 쓰고 안정적인 일상을 즐깁니다. 사회 활동은 최소화합니다."
designer_cross_lingual,10031,False,,0.0,1,0.0,1,0.5423815124224167,119,"A grocery worker easing back into daily life with a heavy heart. Crowded settings still feel like a burden, but he is slowly recovering through brief stretches with coworkers and quietly doing his own work.","친절하고 협조적이며 새로운 경험을 추구하는 개방적인 사람입니다. 감정 기복이 있고 스트레스에 민감하지만, 유연하게 일정을 관리합니다."
designer_cross_lingual,10032,False,,0.0,1,0.0,1,0.5808614052417082,55,An animal clinic worker who looks after both animals and people kindly. She moves through her day with a calm warmth around coworkers and finds meaning in small everyday acts of care.,"조용하고 차분한 성격으로, 타인을 배려하며 협조적인 간호사입니다. 혼자 시간을 보내는 것을 즐기며, 유연하게 일정을 관리하면서도 안정적인 일상을 추구합니다."
designer_cross_lingual,10033,False,,0.0,1,0.0,1,0.584424742285106,97,"A gruff but warm-hearted cafe owner. He keeps a polite distance from customers while quietly looking after the people close to him, and prefers running the shop at his own steady pace.","내향적이고 성실한 기업 임원입니다. 혼자 시간을 보내는 것을 선호하며, 전통적이고 익숙한 방식으로 꼼꼼하게 업무를 처리합니다."
designer_cross_lingual,10034,False,,0.0,1,0.0,1,0.5312716089607816,181,"An eccentric art student who lives by inspiration. He often skips meals or works until dawn on a piece, and constantly searches even mundane scenes for new motifs.","외향적이고 활동적인 성격으로 새로운 경험을 즐깁니다. 유연한 일정 속에서도 창의적인 아이디어를 추구하며, 정서적으로 안정되어 있습니다."
designer_cross_lingual,10035,False,,0.0,1,0.0,1,0.6068422129271449,186,"A perfectionist student council president with a strong sense of responsibility. She juggles exam prep and council duties without slipping, and disciplines herself to stay steady when others lean on her.","내향적이고 조용하지만, 새로운 경험을 추구하며 창의적인 면모가 있습니다. 정서적으로 안정되어 꾸준히 계획을 세워 목표를 달성하는 성실한 연구자입니다."
designer_cross_lingual,10036,False,,0.0,1,0.0,1,0.5156550603071639,31,"A hikikomori hacker who rarely leaves her room. She is fluent with the world behind a screen but finds face-to-face contact difficult, and feels safest within the familiar routine of her own space.","이 NPC는 사교적이고 활동적이며 새로운 경험을 추구합니다. 정서적으로 안정적이고 여유로운 성격으로, 유연하게 일정을 관리합니다."
designer_cross_lingual,10037,False,,0.0,1,0.0,1,0.6599677758567543,31,"A rising model who pays close attention to her appearance and reputation. She is outgoing and sociable but disciplined about self-care, and shows a surprisingly earnest side around close friends.","이 NPC는 사교적이고 활동적이며 새로운 경험을 추구합니다. 정서적으로 안정적이고 여유로운 성격으로, 유연하게 일정을 관리합니다."
designer_cross_lingual,10038,False,,0.0,1,0.0,1,0.5965872757646259,226,"An impulsive, fiercely loyal short-distance sprinter. He throws himself into training and is loud and animated around his friends, but quietly carries the frustration of a leg injury that interrupted his career.","외향적이고 사교적인 운동선수입니다. 느긋하고 차분한 성격으로 새로운 경험을 즐기며, 훈련에 유연하게 임합니다."
designer_cross_lingual,10039,False,,0.0,1,0.0,1,0.5625014084943634,54,"A burned-out doctor who has been working overnight shifts for years. She stays composed in front of patients but, once the day ends, desperately needs time alone because of deep fatigue and low mood.","독립적이고 자기 주장이 강한 간호사입니다. 감정 기복이 있지만 즉흥적인 성격으로 흐름에 몸을 맡기는 것을 선호하며, 혼자만의 시간을 즐깁니다."
designer_cross_lingual,10040,False,,0.0,1,0.0,1,0.5369208342752178,186,"A cynical journalist skilled at digging out facts and contradictions. He does not take people at their word, verifies sources to the end, and cuts into his sleep to keep investigating when a case is interesting.","내향적이고 조용하지만, 새로운 경험을 추구하며 창의적인 면모가 있습니다. 정서적으로 안정되어 꾸준히 계획을 세워 목표를 달성하는 성실한 연구자입니다."
designer_cross_lingual,10041,False,,0.0,1,0.0,1,0.5643158045326411,115,"An optimistic single parent who keeps her humor through hard situations. She draws energy from time with her child and brief conversations with neighbors, and shapes her day around her family.","내향적이고 차분하며 타인을 배려하는 친절한 성격입니다. 유연하게 일정을 관리하며 안정감을 추구하고, 혼자 시간을 보내는 것을 즐깁니다."
designer_cross_lingual,10042,False,,0.0,1,0.0,1,0.5867689258212236,126,"A quiet but uncompromising chef who is introverted about everything except food. He explores new ingredients, savors meals slowly, and prefers spending most of his time alone refining the menu.","내향적이고 조용하며 혼자만의 시간을 소중히 여깁니다. 정서적으로 안정적이고 차분하며, 새로운 아이디어를 추구하는 창의적이고 성실한 디자이너입니다."
designer_cross_lingual,10043,False,,0.0,1,0.0,1,0.48421018427983953,199,"An anxious composer fixated on polish. He rewrites every bar again and again, and when his condition wavers he cuts sleep or replays the same piece on loop to soothe the anxiety.","자유분방하고 창의적인 번역가입니다. 새로운 경험을 추구하며 즉흥적으로 작업을 진행하지만, 스트레스에 취약해 휴식이 중요합니다."
designer_cross_lingual,10044,False,,0.0,1,0.0,1,0.6344121666424131,7,"A stoic engineer who keeps his emotions to himself. He prefers fixed schedules and clear rules, and when problems arise he works through them one calm step at a time.","내향적이고 차분한 성격으로, 혼자만의 시간을 즐깁니다. 성실하고 계획적으로 일을 처리하며, 익숙하고 현실적인 방식을 선호합니다."
designer_cross_lingual,10045,False,,0.0,1,0.0,1,0.6264360455679756,115,"An empathic counselor who listens deeply. She is skilled at slow conversation that helps the other person settle, and deliberately carves out quiet downtime to look after herself.","내향적이고 차분하며 타인을 배려하는 친절한 성격입니다. 유연하게 일정을 관리하며 안정감을 추구하고, 혼자 시간을 보내는 것을 즐깁니다."
designer_cross_lingual,10046,False,,0.0,1,0.0,1,0.47820359855052585,31,"An eccentric retired professor who cannot put down books and papers even in retirement. He reads articles until early morning, savors a late lunch slowly, and occasionally enjoys long conversations with former students.","이 NPC는 사교적이고 활동적이며 새로운 경험을 추구합니다. 정서적으로 안정적이고 여유로운 성격으로, 유연하게 일정을 관리합니다."
designer_cross_lingual,10047,False,,0.0,1,0.0,1,0.6054068856247626,158,"A startup founder polishing the product on too little sleep. He moves quickly between meetings and work, pulls up materials whenever an idea strikes even before dawn, and tends to grab meals quickly without much thought.",창의적이고 성실하지만 스트레스에 민감한 내향적인 창업가입니다. 새로운 아이디어를 탐구하며 혼자만의 시간을 통해 에너지를 회복합니다.
designer_cross_lingual,10048,False,,0.0,1,0.0,1,0.648580653266998,73,"A retiree who walks and eats at the same time every day. He dislikes change and finds his stability in keeping a fixed routine, and treats cleanliness and tidiness as priorities.","보통의 사교성을 가졌지만, 정서적으로 안정적이고 느긋한 편입니다. 독립적이고 자기주장이 강하며, 목표를 향해 성실하고 꼼꼼하게 계획합니다. 익숙한 것과 새로운 것 사이의 균형을 중시합니다."
designer_cross_lingual,10049,False,,0.0,1,0.0,1,0.5746659621277567,55,"A quiet family member who lives alongside her aging parents. She spends more of her day adjusting to their condition and schedule than to her own, and steadies herself with even brief moments of solitary rest.","조용하고 차분한 성격으로, 타인을 배려하며 협조적인 간호사입니다. 혼자 시간을 보내는 것을 즐기며, 유연하게 일정을 관리하면서도 안정적인 일상을 추구합니다."
designer_cross_lingual,10050,False,,0.0,1,0.0,1,0.6175019843119451,31,"A rideshare driver with an erratic schedule. He handles customers well but is constantly thinking about the next ride and his earnings, and uses brief naps and quick meals to keep himself going whenever a gap opens up.","이 NPC는 사교적이고 활동적이며 새로운 경험을 추구합니다. 정서적으로 안정적이고 여유로운 성격으로, 유연하게 일정을 관리합니다."
